,years_since_release,average_rating,top_10_publisher,Genre,Platform,total_shipped_in_thousands,pred
1,32.30684931506849,5.9,False,Platform,NES,310.0,148.7813933932564
8,30.306849315068494,9.0,True,Adventure,GB,380.0,917.1823191360263
17,28.304109589041097,7.0,True,Role-Playing,GB,760.0,287.3684154104797
22,27.304109589041097,9.0,False,Strategy,GEN,190.0,553.6024956465252
28,26.304109589041097,9.0,False,Fighting,SAT,770.0,521.4628322879889
29,26.304109589041097,9.0,True,Racing,PS,740.0,721.9145419580361
31,26.304109589041097,7.0,True,Simulation,PS,520.0,254.97034582887912
35,26.304109589041097,8.3,True,Fighting,PS,770.0,501.5187208677857
36,26.304109589041097,8.3,False,Role-Playing,SNES,360.0,362.26361629984575
40,25.304109589041097,4.8,True,Role-Playing,PS,350.0,76.43975106519333
44,25.304109589041097,8.0,False,Fighting,SAT,400.0,291.9111073991869
46,25.304109589041097,8.1,False,Role-Playing,PS,420.0,307.5037570672834
47,25.304109589041097,8.2,False,Fighting,PS,570.0,323.92929975489625
50,25.304109589041097,8.9,False,Action,PS,130.0,466.28223898543655
52,25.304109589041097,9.1,False,Platform,SAT,430.0,517.426282639351
55,25.304109589041097,7.7,True,Fighting,PS,660.0,345.71134671474124
63,25.304109589041097,6.6,False,Fighting,SAT,230.0,140.8812961054029
66,25.304109589041097,8.0,False,Fighting,SNES,170.0,291.9111073991869
70,25.304109589041097,7.3,False,Role-Playing,PS,110.0,202.79254216553653
72,25.304109589041097,8.1,False,Fighting,SAT,320.0,307.5037570672834
73,25.304109589041097,9.1,True,Fighting,PS,1360.0,716.3263318110127
76,25.304109589041097,9.0,False,Strategy,SAT,300.0,491.1890527882193
77,25.304109589041097,8.1,False,Role-Playing,PS,210.0,307.5037570672834
80,24.301369863013697,8.5,True,Shooter,PS,330.0,493.7035353432303
81,24.301369863013697,8.9,True,Role-Playing,PS,460.0,607.9466372521862
82,24.301369863013697,9.1,True,Action,N64,170.0,674.629102838973
83,24.301369863013697,8.6,True,Fighting,PS,460.0,520.0750781567097
86,24.301369863013697,8.9,False,Shooter,N64,50.0,439.1400323944598
87,24.301369863013697,8.2,True,Fighting,PS,430.0,422.344477288991
88,24.301369863013697,8.5,True,Simulation,PS,560.0,493.7035353432303
90,24.301369863013697,7.1,True,Strategy,PS,90.0,238.26977524311778
91,24.301369863013697,7.4,True,Puzzle,PS,1000.0,278.5276870625969
92,24.301369863013697,9.15,False,Platform,PS,210.0,500.1526154689309
94,24.301369863013697,6.1,False,Puzzle,N64,310.0,102.28417947110495
95,24.301369863013697,9.2,True,Misc,PS,1460.0,710.6649198731133
97,24.301369863013697,7.6,False,Adventure,PS,200.0,223.2572409922829
98,24.301369863013697,8.6,True,Platform,PS,1310.0,520.0750781567097
101,24.301369863013697,8.5,True,Racing,PS,230.0,493.7035353432303
106,24.301369863013697,7.2,True,Simulation,PS,160.0,250.9971331191629
109,24.301369863013697,7.3,False,Action,SAT,170.0,190.98802418401775
110,24.301369863013697,6.5,True,Platform,N64,70.0,174.3693385119828
112,24.301369863013697,8.7,False,Role-Playing,SAT,420.0,395.7340483141768
119,24.301369863013697,7.7,False,Role-Playing,PS,190.0,235.18269314679114
120,24.301369863013697,7.9,False,Fighting,SAT,180.0,260.9786444382585
122,24.301369863013697,6.1,False,Adventure,PS,380.0,102.28417947110495
123,24.301369863013697,7.6,False,Role-Playing,PS,90.0,223.2572409922829
126,24.301369863013697,8.0,False,Shooter,PS,40.0,274.91901351101075
129,23.301369863013697,7.5,False,Shooter,SAT,130.0,199.6324181779863
133,23.301369863013697,8.3,True,Role-Playing,PS,70.0,419.07518493324494
136,23.301369863013697,7.9,False,Strategy,PS,120.0,245.8274017289618
138,23.301369863013697,9.0,False,Action,PS,260.0,435.7407286786285
140,23.301369863013697,9.0,False,Shooter,N64,40.0,435.7407286786285
142,23.301369863013697,8.3,False,Fighting,PS,100.0,302.7119141888758
144,23.301369863013697,7.2,False,Simulation,PS,150.0,170.7778925397055
146,23.301369863013697,7.7,False,Misc,PS,350.0,221.5290469928581
148,23.301369863013697,7.5,True,Fighting,PS,220.0,276.37165451773586
158,23.301369863013697,7.6,False,Role-Playing,PS,460.0,210.29593278960243
159,23.301369863013697,6.2,True,Role-Playing,PS,830.0,140.50637273870305
163,23.301369863013697,6.5,False,Puzzle,PS,220.0,118.64051108695885
164,23.301369863013697,8.4,True,Role-Playing,PS,650.0,441.460398711085
167,23.301369863013697,9.1,False,Sports,N64,190.0,459.016144913872
169,23.301369863013697,6.6,False,Action,N64,20.0,124.97778253341033
175,23.301369863013697,9.1,False,Role-Playing,SAT,110.0,459.016144913872
179,23.301369863013697,8.8,True,Action,PS,270.0,543.6144278161356
180,23.301369863013697,8.2,False,Adventure,PS,120.0,287.36224538052585
187,23.301369863013697,6.0,False,Action,PS,40.0,91.46058599673206
188,23.301369863013697,9.5,False,Shooter,PC,90.0,565.2325773823874
190,23.301369863013697,8.7,True,Platform,PS,70.0,516.0492708622803
192,23.301369863013697,9.3,True,Platform,PS,1420.0,705.163791019833
196,22.301369863013697,9.0,False,Adventure,PS,100.0,410.4435877851808
200,22.301369863013697,8.2,True,Role-Playing,PS,720.0,374.7291339567451
201,22.301369863013697,8.5,False,Action,PS,20.0,316.4130929098816
203,22.301369863013697,7.0,False,Role-Playing,N64,50.0,144.96306340774152
207,22.301369863013697,8.9,False,Platform,DC,460.0,389.63114915390025
208,22.301369863013697,9.6,True,Sports,PS,20.0,776.4522295863277
210,22.301369863013697,7.6,False,Platform,N64,40.0,198.08709966713997
223,22.301369863013697,8.6,False,Fighting,DC,140.0,333.31453442096426
226,22.301369863013697,9.2,False,Shooter,PS,20.0,455.462983799126
233,22.301369863013697,7.5,False,Shooter,DC,260.0,188.04266060617834
242,22.301369863013697,6.2,True,Role-Playing,PS,580.0,132.34920662210686
244,22.301369863013697,7.0,False,Misc,PS,180.0,144.96306340774152
246,22.301369863013697,8.5,False,Role-Playing,PS,380.0,316.4130929098816
248,22.301369863013697,9.6,True,Fighting,DC,340.0,776.4522295863277
252,22.301369863013697,8.5,False,Racing,DC,410.0,316.4130929098816
254,22.301369863013697,8.8,True,Sports,PS,40.0,512.0546266153667
256,22.301369863013697,8.8,False,Role-Playing,PS,60.0,369.87405068305037
257,22.301369863013697,8.9,False,Adventure,PS,300.0,389.63114915390025
258,22.301369863013697,9.3,True,Platform,PS,320.0,664.2251626100408
259,22.301369863013697,5.4,True,Racing,PS,300.0,87.28163948454224
264,22.301369863013697,7.8,False,Simulation,N64,110.0,219.81423063120386
265,22.301369863013697,6.3,False,Adventure,PS,70.0,100.70678163115917
266,22.301369863013697,6.7,True,Adventure,DC,100.0,171.68026362920213
268,22.301369863013697,7.2,False,Fighting,DC,100.0,160.8632985512943
271,22.301369863013697,8.5,False,Fighting,DC,100.0,316.4130929098816
273,22.301369863013697,9.0,False,Action,N64,70.0,410.4435877851808
274,22.301369863013697,9.1,True,Racing,PS,790.0,598.5710552475927
276,22.301369863013697,5.7,False,Role-Playing,PS,70.0,73.69870928353568
280,22.301369863013697,8.1,False,Fighting,DC,370.0,256.95390520548983
281,22.301369863013697,9.2,True,Racing,PS,440.0,630.5441749041026
289,22.301369863013697,8.7,True,Platform,PS,10.0,486.0897783159864
291,22.301369863013697,4.4,False,Adventure,PS,120.0,37.46816342299405
293,22.301369863013697,8.0,False,Fighting,PS,180.0,243.92449618971048
298,21.301369863013697,8.0,True,Puzzle,PS2,190.0,318.0849839441014
299,21.301369863013697,8.7,False,Fighting,PS,70.0,330.73440678099513
301,21.301369863013697,8.7,True,Fighting,PS2,510.0,457.8695987467876
303,21.301369863013697,6.2,False,Role-Playing,PS2,150.0,90.05010657032012
306,21.301369863013697,9.0,False,Fighting,DC,140.0,386.61508476573545
307,21.301369863013697,8.7,False,Role-Playing,PS,280.0,330.73440678099513
310,21.301369863013697,6.5,True,Role-Playing,PS,310.0,145.729031856694
311,21.301369863013697,6.8,True,Misc,PS,190.0,170.35131770070745
313,21.301369863013697,7.0,False,Action,PS,20.0,136.54716193694728
314,21.301369863013697,9.3,True,Sports,PS,20.0,625.6632462739796
317,21.301369863013697,9.1,False,Role-Playing,N64,250.0,407.2664180666975
318,21.301369863013697,8.1,False,Simulation,DC,520.0,242.03632069871983
324,21.301369863013697,8.4,False,Role-Playing,PS,340.0,282.93062567658853
325,21.301369863013697,8.1,False,Role-Playing,PS,630.0,242.03632069871983
330,21.301369863013697,7.1,True,Sports,GB,10.0,199.13376952167226
331,21.301369863013697,9.0,False,Fighting,DC,140.0,386.61508476573545
332,21.301369863013697,8.8,False,Fighting,DC,220.0,348.40083196114307
333,21.301369863013697,7.6,False,Adventure,DC,110.0,186.58705631647604
340,21.301369863013697,7.8,False,Racing,DC,130.0,207.05280807718873
342,21.301369863013697,9.1,False,Fighting,N64,20.0,407.2664180666975
347,21.301369863013697,7.15,True,Role-Playing,PS,390.0,204.38302267920764
348,21.301369863013697,9.3,False,Racing,DC,120.0,451.9373270631415
354,21.301369863013697,8.6,False,Role-Playing,DC,200.0,313.96379627754885
356,21.301369863013697,7.4,True,Shooter,N64,20.0,232.77928635444798
365,21.301369863013697,9.3,True,Role-Playing,PS,300.0,625.6632462739796
366,21.301369863013697,7.4,True,Role-Playing,PS,710.0,232.77928635444798
368,21.301369863013697,7.9,True,Racing,PS,120.0,301.9557900551394
369,21.301369863013697,7.6,True,Simulation,PS,400.0,258.3116206096472
370,21.301369863013697,8.9,True,Racing,N64,190.0,508.0909041884418
373,21.301369863013697,7.2,False,Simulation,PS,130.0,151.52430116085728
374,21.301369863013697,8.3,False,Racing,PS,20.0,268.5840103095929
382,20.2986301369863,7.7,False,Racing,GBA,40.0,185.11238459050884
384,20.2986301369863,9.5,False,Action,PS2,300.0,472.31526369932993
385,20.2986301369863,8.9,False,Role-Playing,DC,200.0,345.6472816005802
387,20.2986301369863,7.2,True,Puzzle,GBA,300.0,197.55993613045996
393,20.2986301369863,9.1,True,Sports,PS2,10.0,531.0008158752214
394,20.2986301369863,7.0,False,Role-Playing,PS2,100.0,128.5987758119078
398,20.2986301369863,8.3,False,Role-Playing,DC,190.0,252.94978261368513
401,20.2986301369863,8.2,False,Fighting,GBA,80.0,240.12341137993977
402,20.2986301369863,8.8,True,Puzzle,GBA,100.0,454.25087317824335
405,20.2986301369863,8.25,False,Action,PS2,870.0,246.45316940346345
407,20.2986301369863,9.4,True,Platform,PS2,80.0,620.7183807647015
416,20.2986301369863,6.9,False,Platform,PS2,240.0,122.07789399210472
418,20.2986301369863,7.8,False,Role-Playing,GBA,60.0,195.0003007710967
424,20.2986301369863,8.7,False,Adventure,DC,150.0,311.4824155082281
427,20.2986301369863,8.9,False,Platform,GBA,50.0,345.6472816005802
429,20.2986301369863,8.2,False,Racing,PS2,60.0,240.12341137993977
431,20.2986301369863,9.0,False,Puzzle,GC,100.0,364.11028911936444
436,20.2986301369863,8.2,True,Role-Playing,PS2,80.0,332.4274939772023
437,20.2986301369863,8.4,True,Racing,XB,50.0,368.8897154435929
452,20.2986301369863,7.9,False,Fighting,PS2,300.0,205.41638737426678
454,20.2986301369863,7.5,False,Simulation,PS2,130.0,166.81529339891966
455,20.2986301369863,8.9,True,Simulation,PS2,380.0,478.5150225968859
456,20.2986301369863,8.9,False,Platform,DC,120.0,345.6472816005802
460,20.2986301369863,7.5,True,Role-Playing,PS,660.0,230.93953906031882
461,20.2986301369863,8.1,False,Shooter,PS2,50.0,227.94742931564116
465,20.2986301369863,8.4,True,Racing,GC,90.0,368.8897154435929
468,20.2986301369863,7.2,False,Racing,GC,20.0,142.70409841281779
469,20.2986301369863,9.2,False,Simulation,GC,30.0,404.04762956381074
471,20.2986301369863,9.3,True,Adventure,GBC,410.0,589.2434994620495
476,20.2986301369863,7.0,False,Fighting,PS,110.0,128.5987758119078
484,20.2986301369863,9.4,True,Adventure,GBC,410.0,620.7183807647015
486,20.2986301369863,8.0,True,Action,PS,140.0,299.569313335494
492,20.2986301369863,6.6,True,Action,GBA,80.0,144.5772773503839
493,20.2986301369863,8.95,True,Platform,PS2,150.0,491.1288876350876
496,19.2986301369863,8.4,False,Adventure,GC,60.0,250.99174400975969
499,19.2986301369863,7.6,True,Action,GC,10.0,229.15187777838187
502,19.2986301369863,9.0,True,Shooter,PS2,170.0,474.81092418999464
507,19.2986301369863,7.9,True,Platform,GBA,10.0,267.869235359541
516,19.2986301369863,9.6,False,Action,PS2,470.0,468.6591565068643
525,19.2986301369863,8.7,True,Racing,PS2,20.0,406.1825715886593
541,19.2986301369863,6.6,False,Shooter,PS2,170.0,98.37005876598997
545,19.2986301369863,7.9,True,Sports,PS2,160.0,267.869235359541
550,19.2986301369863,6.7,False,Role-Playing,PS2,250.0,103.62456887296798
557,19.2986301369863,7.6,True,Role-Playing,PS2,290.0,229.15187777838187
564,19.2986301369863,8.2,False,Role-Playing,GC,160.0,226.18292941509296
567,19.2986301369863,9.4,True,Sports,PS2,10.0,584.6822719047965
568,19.2986301369863,9.6,True,Sports,PS2,10.0,648.8129917517142
570,19.2986301369863,6.3,False,Role-Playing,PS,450.0,84.15182002196096
571,19.2986301369863,8.2,True,Action,PS2,30.0,313.1282534001314
572,19.2986301369863,8.5,False,Role-Playing,GBA,310.0,264.3986553424514
576,19.2986301369863,8.0,True,Shooter,PS2,60.0,282.177670489111
577,19.2986301369863,8.3,True,Action,PS2,80.0,329.85423275717756
580,19.2986301369863,7.9,True,Fighting,PS2,330.0,267.869235359541
588,19.2986301369863,8.2,False,Role-Playing,XB,30.0,226.18292941509296
589,19.2986301369863,6.2,False,Misc,GB,830.0,79.88471817888319
592,19.2986301369863,8.6,False,Role-Playing,PS2,380.0,278.52170685015903
593,19.2986301369863,8.6,False,Platform,GBA,40.0,278.52170685015903
612,19.2986301369863,8.2,False,Fighting,PS2,130.0,226.18292941509296
619,19.2986301369863,7.2,True,Adventure,GBA,50.0,186.09049751647447
623,19.2986301369863,6.8,True,Simulation,GC,140.0,151.12105386899842
624,19.2986301369863,7.7,False,Simulation,XB,20.0,174.36559466268025
644,19.2986301369863,7.1,False,Adventure,GC,150.0,127.60331590340155
656,19.2986301369863,7.3,True,Role-Playing,GC,40.0,196.03066032901242
670,18.2986301369863,5.2,True,Adventure,GC,70.0,61.9089445066647
678,18.2986301369863,8.7,True,Platform,PS2,260.0,382.60144394630925
683,18.2986301369863,5.9,True,Shooter,PS2,130.0,89.11525224681819
691,18.2986301369863,8.7,True,Sports,PS2,10.0,382.60144394630925
693,18.2986301369863,6.5,False,Action,GC,20.0,87.96065301391053
700,18.2986301369863,9.4,False,Action,GC,120.0,397.81652069238277
701,18.2986301369863,9.5,True,Sports,PS2,10.0,580.1563519866561
703,18.2986301369863,8.8,True,Strategy,GBA,290.0,403.0383856273416
706,18.2986301369863,7.0,False,Platform,GBA,40.0,114.1004807194857
707,18.2986301369863,8.0,False,Platform,PS2,380.0,191.99306099251493
709,18.2986301369863,8.4,True,Action,PS2,50.0,327.3008906877233
715,18.2986301369863,8.0,True,Sports,PS2,40.0,265.79570796521597
716,18.2986301369863,7.7,True,Action,PS2,50.0,227.37805445971418
721,18.2986301369863,8.5,False,Action,PS2,160.0,249.04886222919575
731,18.2986301369863,8.4,True,Racing,GC,120.0,327.3008906877233
733,18.2986301369863,4.9,True,Role-Playing,PS2,560.0,52.9607323735341
744,18.2986301369863,7.5,True,Role-Playing,PS2,200.0,204.9032913226138
747,18.2986301369863,8.8,False,Shooter,XB,40.0,291.1280018268826
749,18.2986301369863,7.1,True,Role-Playing,PS2,170.0,166.39861647507536
757,18.2986301369863,8.7,True,Role-Playing,PS2,450.0,382.60144394630925
759,18.2986301369863,9.2,True,Fighting,GC,110.0,496.30155282430013
761,18.2986301369863,4.4,False,Strategy,GC,70.0,29.491205261129764
769,18.2986301369863,7.0,False,Adventure,PS2,120.0,114.1004807194857
771,18.2986301369863,8.6,True,Racing,PS2,80.0,363.20080203266485
775,18.2986301369863,8.6,True,Role-Playing,PS2,260.0,363.20080203266485
779,18.2986301369863,8.6,False,Simulation,PS2,110.0,262.3519930815189
790,18.2986301369863,8.0,True,Fighting,GC,80.0,265.79570796521597
791,18.2986301369863,8.9,True,Racing,XB,40.0,424.56698180127336
798,18.2986301369863,6.6,False,Sports,XB,140.0,92.65913694363414
804,18.2986301369863,7.6,False,Simulation,GBA,110.0,155.91442926931367
810,18.2986301369863,7.7,True,Role-Playing,PS2,260.0,227.37805445971418
827,17.2986301369863,6.4,True,Shooter,GBA,120.0,108.88708960958286
832,17.2986301369863,5.4,True,Puzzle,GBA,110.0,64.71103280697982
835,17.2986301369863,7.9,True,Action,PS2,20.0,237.6695138155008
841,17.2986301369863,8.4,True,Sports,PS2,40.0,308.2992775693293
842,17.2986301369863,6.5,True,Platform,GBA,170.0,114.70337476840362
845,17.2986301369863,5.4,False,Action,GBA,40.0,46.74292660220466
846,17.2986301369863,8.1,False,Action,GC,70.0,190.50687736656064
848,17.2986301369863,8.4,True,Adventure,GBA,240.0,308.2992775693293
850,17.2986301369863,8.1,False,Shooter,PS2,30.0,190.50687736656064
855,17.2986301369863,8.4,True,MMO,PS2,150.0,308.2992775693293
861,17.2986301369863,5.7,True,Puzzle,GBA,120.0,75.6445683333918
862,17.2986301369863,7.6,True,Platform,GBA,120.0,203.31717193426925
865,17.2986301369863,6.9,True,Platform,GC,10.0,141.24575981301896
869,17.2986301369863,6.9,True,Platform,PS2,30.0,141.24575981301896
878,17.2986301369863,9.1,True,Platform,PS2,310.0,443.7834969895976
886,17.2986301369863,7.4,True,Platform,GBA,90.0,183.2206622170688
895,17.2986301369863,5.9,False,Action,PS2,40.0,60.633819927459406
898,17.2986301369863,7.7,False,Puzzle,DS,100.0,154.70752381850107
901,17.2986301369863,9.2,False,Sports,PS2,1130.0,337.68247550173476
908,17.2986301369863,7.1,True,Role-Playing,GBA,290.0,156.73826349818077
915,17.2986301369863,8.0,False,Role-Playing,PS2,250.0,180.8468100344731
921,17.2986301369863,8.1,False,Fighting,XB,80.0,190.50687736656064
928,17.2986301369863,9.5,True,Sports,PS2,10.0,546.4750915248657
929,17.2986301369863,6.1,True,Platform,GBA,200.0,93.14873735450819
931,17.2986301369863,6.4,True,Racing,GBA,100.0,108.88708960958286
937,17.2986301369863,8.0,True,Misc,DS,190.0,250.36480827938723
942,17.2986301369863,6.1,True,Action,DS,30.0,93.14873735450819
950,17.2986301369863,9.0,False,Action,PS2,830.0,304.3048759331019
955,17.2986301369863,6.1,True,Puzzle,GBA,130.0,93.14873735450819
957,17.2986301369863,8.5,True,Role-Playing,GC,310.0,324.76731357829163
958,17.2986301369863,6.6,True,Adventure,GBA,170.0,120.83034113993783
964,17.2986301369863,8.3,True,Racing,PS2,80.0,292.66628929655883
965,17.2986301369863,8.5,True,Puzzle,PS2,170.0,324.76731357829163
967,17.2986301369863,7.3,True,Fighting,PS2,170.0,173.93005833907344
969,16.295890410958904,8.9,False,Platform,DS,30.0,272.05910293907
975,16.295890410958904,7.9,True,Racing,X360,70.0,223.83481348809073
976,16.295890410958904,8.4,True,Strategy,GBA,300.0,290.3532311965511
978,16.295890410958904,7.4,True,Racing,PSP,20.0,172.55541990277476
985,16.295890410958904,8.8,True,Racing,X360,30.0,357.54102995946926
989,16.295890410958904,8.95,True,Shooter,X360,10.0,386.5677287514966
995,16.295890410958904,8.6,True,Role-Playing,GBA,220.0,322.2005483143609
999,16.295890410958904,6.6,True,Adventure,DS,120.0,113.79682837133156
1007,16.295890410958904,8.6,True,Role-Playing,GC,160.0,322.2005483143609
1013,16.295890410958904,8.5,True,Shooter,X360,30.0,305.86266574457085
1020,16.295890410958904,8.4,True,Racing,X360,20.0,290.3532311965511
1022,16.295890410958904,6.6,True,Platform,PSP,120.0,113.79682837133156
1029,16.295890410958904,7.4,False,Strategy,PSP,120.0,124.64250650096285
1032,16.295890410958904,8.0,False,Misc,PS2,30.0,170.31974923551346
1037,16.295890410958904,6.9,False,Shooter,PSP,10.0,96.08755542467182
1055,16.295890410958904,5.8,False,Action,PS2,170.0,54.20873591542507
1059,16.295890410958904,8.5,True,Fighting,PS2,130.0,305.86266574457085
1060,16.295890410958904,6.0,True,Role-Playing,PS2,470.0,83.27819870407116
1062,16.295890410958904,8.0,False,Simulation,DS,20.0,170.31974923551346
1065,16.295890410958904,8.9,True,Platform,DS,320.0,376.63935092368183
1068,16.295890410958904,8.8,True,Racing,PSP,320.0,357.54102995946926
1072,16.295890410958904,9.0,True,Strategy,DS,40.0,396.75782295613277
1080,16.295890410958904,4.6,False,Strategy,DS,10.0,29.031642674792707
1085,16.295890410958904,8.4,True,Sports,PSP,630.0,290.3532311965511
1086,16.295890410958904,6.6,False,Action,PSP,300.0,82.19922577948863
1090,16.295890410958904,7.2,False,Action,PS2,50.0,112.32244853811332
1095,16.295890410958904,9.1,True,Sports,PS2,10.0,417.95093818751593
1100,16.295890410958904,7.55,True,Shooter,GC,190.0,186.56420149356865
1102,16.295890410958904,7.7,True,Sports,X360,10.0,201.7102754497323
1103,16.295890410958904,6.5,True,Role-Playing,PSP,10.0,108.02651162770091
1113,16.295890410958904,8.05,False,Adventure,DS,390.0,174.8094522307046
1117,16.295890410958904,7.9,True,Platform,GC,240.0,223.83481348809073
1119,16.295890410958904,7.6,True,Racing,PSP,20.0,191.4821153467818
1124,16.295890410958904,8.8,False,Action,PSP,240.0,258.2637518786362
1130,16.295890410958904,7.5,True,Puzzle,GBA,160.0,181.77259644274065
1136,16.295890410958904,5.3,True,Racing,DS,380.0,57.85390550100152
1151,16.295890410958904,6.3,False,Role-Playing,PS2,300.0,70.31829136338372
1156,16.295890410958904,7.5,True,Platform,GBA,140.0,181.77259644274065
1157,16.295890410958904,8.4,True,Sports,PS2,40.0,290.3532311965511
1161,16.295890410958904,6.8,True,Puzzle,DS,100.0,126.27860329495711
1164,16.295890410958904,7.6,True,Puzzle,DS,110.0,191.4821153467818
1169,16.295890410958904,7.9,False,Action,PS2,10.0,161.68331432910574
1176,16.295890410958904,7.6,True,Misc,DS,20.0,191.4821153467818
1179,16.295890410958904,8.5,False,Shooter,PS2,30.0,220.93475432385688
1181,16.295890410958904,7.9,True,Shooter,PSP,10.0,223.83481348809073
1188,16.295890410958904,8.8,True,Puzzle,DS,60.0,357.54102995946926
1192,16.295890410958904,9.3,True,Adventure,PS2,200.0,463.7937759382467
1193,16.295890410958904,7.2,False,Puzzle,DS,50.0,112.32244853811332
1194,16.295890410958904,9.3,False,Sports,PS2,1120.0,335.01363657577843
1196,16.295890410958904,8.5,True,Shooter,PS2,10.0,305.86266574457085
1199,16.295890410958904,6.1,True,Sports,X360,10.0,87.72656584210876
1200,16.295890410958904,8.6,True,Racing,PS2,80.0,322.2005483143609
1217,16.295890410958904,7.7,True,Role-Playing,PS2,290.0,201.7102754497323
1219,15.295890410958904,6.6,True,Role-Playing,PS2,170.0,107.19029790247514
1224,15.295890410958904,8.1,True,Role-Playing,PSP,160.0,233.96590063674432
1225,15.295890410958904,6.3,False,Action,PS2,120.0,66.23592860284865
1226,15.295890410958904,7.3,False,Action,X360,10.0,111.45298074078003
1233,15.295890410958904,5.0,True,Action,PS3,60.0,46.618530987630045
1237,15.295890410958904,8.2,False,Simulation,Wii,30.0,178.02866723514205
1239,15.295890410958904,7.8,True,Shooter,X360,10.0,200.1488726208465
1240,15.295890410958904,7.2,True,Shooter,DS,100.0,146.47189928813344
1245,15.295890410958904,7.9,False,Role-Playing,PS2,190.0,152.29671052205234
1246,15.295890410958904,8.2,True,Sports,X360,10.0,246.4633638385151
1259,15.295890410958904,6.5,False,Action,PSP,110.0,73.50099885577643
1260,15.295890410958904,5.3,False,Sports,X360,60.0,39.363668954583765
1261,15.295890410958904,7.5,True,Simulation,PS2,200.0,171.2196995475523
1274,15.295890410958904,8.3,False,Strategy,PSP,50.0,187.5382013662968
1276,15.295890410958904,8.4,True,Sports,PS2,30.0,273.49663250144897
1279,15.295890410958904,8.6,True,Fighting,X360,10.0,303.49503806432864
1291,15.295890410958904,5.8,True,Shooter,PS2,510.0,70.68984527030615
1305,15.295890410958904,7.4,True,Adventure,GC,90.0,162.53763069485348
1307,15.295890410958904,8.25,True,Platform,PSP,160.0,252.96024577849826
1308,15.295890410958904,7.5,False,Misc,Wii,20.0,123.6776713589946
1309,15.295890410958904,8.1,False,Action,X360,10.0,169.00133480333582
1310,15.295890410958904,8.5,False,Platform,DS,40.0,208.1082792194101
1323,15.295890410958904,8.4,False,Action,X360,10.0,197.5556943604594
1325,15.295890410958904,8.9,False,Sports,PS2,900.0,256.2645787979249
1327,15.295890410958904,7.5,True,Role-Playing,GC,20.0,171.2196995475523
1329,15.295890410958904,6.5,True,Misc,GC,20.0,101.75497971660167
1330,15.295890410958904,7.5,True,Puzzle,PSP,80.0,171.2196995475523
1331,15.295890410958904,7.9,True,Racing,X360,20.0,210.83997403198134
1332,15.295890410958904,7.7,True,Racing,PS2,50.0,189.9998868588336
1336,15.295890410958904,8.3,False,Action,PS2,70.0,187.5382013662968
1338,15.295890410958904,8.0,True,Sports,PS3,10.0,222.10214860424088
1339,15.295890410958904,7.5,False,Fighting,PSP,20.0,123.6776713589946
1341,15.295890410958904,6.5,False,Fighting,X360,40.0,73.50099885577643
1342,15.295890410958904,7.7,True,Shooter,PS3,30.0,189.9998868588336
1343,15.295890410958904,7.5,True,Racing,Wii,80.0,171.2196995475523
1348,15.295890410958904,7.9,True,Role-Playing,PS2,180.0,210.83997403198134
1351,15.295890410958904,8.0,True,Role-Playing,PS2,570.0,222.10214860424088
1360,15.295890410958904,8.1,False,Action,X360,10.0,169.00133480333582
1361,15.295890410958904,8.4,True,Role-Playing,PS2,390.0,273.49663250144897
1365,15.295890410958904,7.7,True,Shooter,PS2,30.0,189.9998868588336
1366,15.295890410958904,6.6,False,Simulation,DS,70.0,77.4271095667541
1370,15.295890410958904,7.4,False,Fighting,PSP,130.0,117.4063248894137
1375,15.295890410958904,7.6,True,Simulation,PSP,120.0,180.36552758783589
1376,15.295890410958904,7.8,True,Racing,PS3,30.0,200.1488726208465
1385,15.295890410958904,6.3,True,Action,X360,50.0,91.69719699616651
1388,15.295890410958904,5.6,False,Action,PS2,570.0,46.01452977840356
1395,15.295890410958904,8.0,False,Action,X360,20.0,160.43175298046233
1398,15.295890410958904,9.4,False,Action,PS2,150.0,332.4203564927564
1399,15.295890410958904,6.85,False,Action,DS,110.0,88.18456187393602
1401,15.295890410958904,3.7,False,Racing,Wii,20.0,17.119799616712342
1408,15.295890410958904,7.0,True,Role-Playing,GBA,170.0,131.99415538024337
1409,15.295890410958904,8.4,False,Action,PSP,160.0,197.5556943604594
1412,15.295890410958904,8.2,True,Shooter,X360,20.0,246.4633638385151
1413,15.295890410958904,8.4,False,Action,PS2,10.0,197.5556943604594
1414,15.295890410958904,8.1,False,Platform,DS,100.0,169.00133480333582
1416,15.295890410958904,7.2,True,Role-Playing,PS2,350.0,146.47189928813344
1417,15.295890410958904,9.2,False,Adventure,PS2,150.0,299.5628813424933
1424,15.295890410958904,7.5,True,Role-Playing,PS2,240.0,171.2196995475523
1426,15.295890410958904,6.7,True,Shooter,PSP,10.0,112.915947665869
1427,15.295890410958904,8.0,False,Fighting,PS2,30.0,160.43175298046233
1429,15.295890410958904,7.9,True,Sports,PS3,10.0,210.83997403198134
1441,15.295890410958904,8.7,False,Action,PSP,380.0,230.9345806035187
1451,15.295890410958904,8.3,True,Adventure,DS,310.0,259.6283883646265
1454,15.295890410958904,7.8,True,Sports,X360,10.0,200.1488726208465
1458,15.295890410958904,7.3,False,Action,Wii,80.0,111.45298074078003
1459,15.295890410958904,6.3,True,Sports,PS2,20.0,91.69719699616651
1462,15.295890410958904,7.0,True,Role-Playing,DS,290.0,131.99415538024337
1464,15.295890410958904,8.5,True,Sports,PS2,10.0,288.1056592493332
1470,15.295890410958904,8.0,False,Racing,X360,20.0,160.43175298046233
1476,15.295890410958904,8.2,True,Role-Playing,GBA,260.0,246.4633638385151
1477,15.295890410958904,8.8,False,Shooter,X360,20.0,243.27012358330444
1478,15.295890410958904,8.700000000000001,True,Shooter,PS3,140.0,319.70645203451164
1481,15.295890410958904,7.1,False,Misc,PSP,30.0,100.43661705069206
1482,15.295890410958904,8.0,False,Sports,PSP,310.0,160.43175298046233
1495,15.295890410958904,7.8,False,Fighting,PSP,20.0,144.57417316048668
1501,15.295890410958904,8.0,False,Role-Playing,PSP,250.0,160.43175298046233
1503,15.295890410958904,7.9,False,Role-Playing,PS2,150.0,152.29671052205234
1504,15.295890410958904,7.4,False,Fighting,GC,450.0,117.4063248894137
1510,15.295890410958904,6.4,True,Racing,Wii,20.0,96.595271211453
1514,14.295890410958904,7.6,False,Adventure,DS,260.0,122.72030483168516
1515,14.295890410958904,6.5,True,Role-Playing,PSP,70.0,95.84754465468599
1518,14.295890410958904,8.0,False,Role-Playing,PS2,90.0,151.11780917898022
1520,14.295890410958904,8.05,False,Role-Playing,DS,140.0,155.1013406457828
1521,14.295890410958904,8.05,False,Fighting,Wii,260.0,155.1013406457828
1523,14.295890410958904,6.4,True,Action,PS3,310.0,90.98738554768451
1526,14.295890410958904,8.0,False,Platform,PSP,40.0,151.11780917898022
1530,14.295890410958904,8.1,True,Strategy,Wii,170.0,220.38289596647104
1536,14.295890410958904,8.2,False,Fighting,DS,120.0,167.6931259792737
1537,14.295890410958904,7.0,True,Role-Playing,PSP,230.0,124.33117020120964
1538,14.295890410958904,8.05,False,Platform,Wii,40.0,155.1013406457828
1539,14.295890410958904,8.3,False,Shooter,X360,10.0,176.65057946036762
1553,14.295890410958904,6.3,False,Racing,PSP,20.0,62.390569406897995
1555,14.295890410958904,6.3,True,Role-Playing,PS2,290.0,86.37367142402043
1556,14.295890410958904,6.6,True,Shooter,PSP,20.0,100.96731278774314
1557,14.295890410958904,8.4,True,Puzzle,DS,300.0,257.61865187922564
1559,14.295890410958904,5.5,True,Action,PS3,80.0,56.961698846545374
1560,14.295890410958904,7.3,True,Shooter,DS,10.0,145.33808675730992
1562,14.295890410958904,7.45,True,Adventure,DS,220.0,157.13724968916227
1563,14.295890410958904,7.8,True,Racing,PSP,10.0,188.52913203403412
1564,14.295890410958904,7.6,False,Action,PSP,40.0,122.72030483168516
1568,14.295890410958904,7.2,False,Fighting,PSP,80.0,99.65915532923538
1569,14.295890410958904,7.3,False,Fighting,PS3,10.0,104.98252349124971
1572,14.295890410958904,7.8,True,Platform,DS,240.0,188.52913203403412
1573,14.295890410958904,8.7,False,Fighting,PS3,80.0,217.52756069878728
1578,14.295890410958904,8.7,False,Adventure,Wii,30.0,217.52756069878728
1584,14.295890410958904,8.850000000000003,True,Platform,PS3,80.0,325.5940273015903
1586,14.295890410958904,5.7,True,Role-Playing,PS2,170.0,63.20952766959398
1589,14.295890410958904,9.1,True,Role-Playing,GBA,280.0,370.8309248146034
1590,14.295890410958904,8.3,True,Role-Playing,PS2,390.0,244.55553543137984
1591,14.295890410958904,6.6,False,Shooter,X360,20.0,72.93204089226441
1597,14.295890410958904,9.466666666666667,False,Shooter,X360,50.0,324.1749615744403
1601,14.295890410958904,5.9,False,Simulation,Wii,50.0,50.6663624746482
1602,14.295890410958904,8.2,False,Misc,PS2,10.0,167.6931259792737
1603,14.295890410958904,8.933333333333332,True,Role-Playing,X360,30.0,340.0240227804775
1604,14.295890410958904,8.666666666666666,True,Action,PS3,120.0,295.9671102593288
1606,14.295890410958904,6.1,True,Shooter,PS3,50.0,77.83622566590066
1607,14.295890410958904,8.95,False,Fighting,X360,30.0,247.75008059922794
1614,14.295890410958904,7.5,False,Simulation,Wii,10.0,116.49750372300217
1615,14.295890410958904,7.899999999999999,False,Action,X360,70.0,143.45505058503383
1618,14.295890410958904,4.8,True,Racing,Wii,110.0,39.57166213398707
1619,14.295890410958904,8.5,False,Sports,Wii,40.0,196.02645139378785
1621,14.295890410958904,7.4,True,Fighting,DS,120.0,153.10142913379295
1624,14.295890410958904,8.2,False,Sports,PSP,120.0,167.6931259792737
1628,14.295890410958904,6.8,False,Shooter,X360,10.0,80.93157244482596
1631,14.295890410958904,7.9,False,Adventure,DS,250.0,143.4550505850341
1635,14.295890410958904,8.0,False,Shooter,X360,10.0,151.11780917898022
1637,14.295890410958904,6.8,False,Role-Playing,DS,60.0,80.93157244482596
1638,14.295890410958904,5.2,False,Role-Playing,PSP,70.0,35.19825107053487
1639,14.295890410958904,6.9,False,Simulation,DS,100.0,85.25459278983342
1640,14.295890410958904,8.8,False,Sports,PS2,1050.0,229.14695770410074
1642,14.295890410958904,8.7,False,Role-Playing,PSP,40.0,217.52756069878728
1644,14.295890410958904,6.7,True,Simulation,DS,80.0,106.36055715674041
1647,14.295890410958904,8.5,True,Platform,PSP,100.0,271.379544441724
1648,14.295890410958904,8.7,False,Misc,X360,10.0,217.52756069878728
1649,14.295890410958904,6.6,True,Platform,PS3,20.0,100.96731278774314
1650,14.295890410958904,7.4,True,Adventure,DS,120.0,153.10142913379295
1655,14.295890410958904,8.2,False,Role-Playing,DS,40.0,167.6931259792737
1657,14.295890410958904,9.1,True,Racing,X360,30.0,370.8309248146034
1658,14.295890410958904,4.2,False,Misc,Wii,50.0,20.918138118490422
1661,14.295890410958904,8.35,True,Racing,PS3,60.0,251.00212618110262
1666,14.295890410958904,7.0,False,Shooter,Wii,80.0,89.80853049303377
1668,14.295890410958904,3.9,False,Action,X360,10.0,17.894666489213527
1669,14.295890410958904,8.066666666666666,False,Action,PS3,90.0,156.45238428379702
1672,14.295890410958904,6.4,True,Strategy,DS,50.0,90.98738554768451
1674,14.295890410958904,7.0,False,Role-Playing,PS2,100.0,89.80853049303377
1676,14.295890410958904,9.05,False,Role-Playing,PS3,140.0,260.9838360614478
1678,14.295890410958904,7.7,True,Role-Playing,DS,240.0,178.96935059892846
1684,14.295890410958904,6.5,False,Simulation,X360,30.0,69.23386245679391
1687,14.295890410958904,6.9,False,Action,PSP,260.0,85.25459278983342
1689,14.295890410958904,5.8,False,Fighting,Wii,60.0,48.09721389721755
1690,14.295890410958904,8.1,False,Shooter,DS,10.0,159.18987974228315
1695,14.295890410958904,8.0,True,Action,PS3,60.0,209.20789985449215
1705,14.295890410958904,7.1,True,Simulation,Wii,40.0,130.97241245144318
1707,14.295890410958904,7.7,True,Shooter,X360,30.0,178.96935059892846
1710,14.295890410958904,7.1,True,Strategy,PS3,20.0,130.97241245144318
1711,14.295890410958904,7.7,True,Role-Playing,X360,210.0,178.96935059892846
1712,14.295890410958904,9.7,True,Shooter,X360,20.0,506.7278563008426
1713,14.295890410958904,5.7,True,Action,X360,20.0,63.20952766959398
1714,14.295890410958904,8.1,False,Misc,PS3,20.0,159.18987974228315
1716,14.295890410958904,6.8,False,Shooter,PS3,10.0,80.93157244482596
1717,14.295890410958904,7.7,True,Strategy,Wii,80.0,178.96935059892846
1718,14.295890410958904,8.5,True,Sports,PS3,20.0,271.379544441724
1719,14.295890410958904,7.4,True,Role-Playing,PSP,130.0,153.10142913379295
1722,14.295890410958904,7.7,False,Adventure,X360,10.0,129.2755015059445
1723,14.295890410958904,6.7,True,Shooter,X360,20.0,106.36055715674041
1731,14.295890410958904,9.3,False,Action,Wii,140.0,297.244019156051
1747,14.295890410958904,9.3,True,Shooter,X360,130.0,411.50541640194456
1749,14.295890410958904,6.5,False,Simulation,PSP,30.0,69.23386245679391
1751,14.295890410958904,7.3,True,Puzzle,X360,150.0,145.33808675730992
1752,14.295890410958904,6.5,True,Role-Playing,X360,20.0,95.84754465468599
1754,14.295890410958904,7.9,True,Role-Playing,X360,80.0,198.59955632939014
1755,14.295890410958904,7.2,True,Racing,PS3,40.0,137.9684016131304
1758,14.295890410958904,7.1,True,Racing,X360,10.0,130.97241245144318
1759,14.295890410958904,5.3,False,Fighting,Wii,80.0,37.078391921503005
1766,14.295890410958904,9.55,True,Shooter,PS3,280.0,468.67854240213984
1771,14.295890410958904,6.6,False,Simulation,PS3,90.0,72.93204089226441
1773,14.295890410958904,7.966666666666666,True,Role-Playing,PS3,50.0,205.61027369472453
1774,14.295890410958904,8.6,True,Racing,X360,20.0,285.8754853508204
1776,14.295890410958904,7.4,False,Role-Playing,DS,90.0,110.59024333670686
1778,14.295890410958904,8.6,True,Puzzle,DS,160.0,285.8754853508204
1780,14.295890410958904,7.6,False,Platform,DS,90.0,122.72030483168516
1785,14.295890410958904,6.0,True,Action,X360,20.0,73.88936982950277
1786,14.295890410958904,8.7,True,Role-Playing,PSP,100.0,301.14573776254736
1793,14.295890410958904,4.4,True,Platform,PS2,10.0,32.13550054863309
1794,13.295890410958904,5.4,True,Racing,PSP,30.0,50.934077809620206
1796,13.295890410958904,7.550000000000002,True,Adventure,Wii,90.0,155.92087860622712
1798,13.295890410958904,7.1,False,Role-Playing,DS,330.0,89.11333887100436
1799,13.295890410958904,7.0,True,Role-Playing,X360,180.0,117.11306337065234
1800,13.295890410958904,6.55,True,Role-Playing,X360,30.0,92.66296975112378
1804,13.295890410958904,8.1,True,Role-Playing,DS,300.0,207.58845926858393
1805,13.295890410958904,6.8,True,Role-Playing,X360,120.0,105.53723928433094
1810,13.295890410958904,7.9,False,Role-Playing,DS,150.0,135.12669753543238
1811,13.295890410958904,7.1,True,Shooter,X360,10.0,123.36874505733427
1813,13.295890410958904,6.6,False,Shooter,X360,10.0,68.69793562582964
1815,13.295890410958904,8.7,True,Role-Playing,X360,190.0,283.6625748258575
1817,13.295890410958904,7.433333333333334,True,Role-Playing,Wii,240.0,146.7363909441061
1818,13.295890410958904,5.6,False,Shooter,PS3,20.0,40.82682696354861
1819,13.295890410958904,8.0,True,Sports,PSP,280.0,197.06223301565814
1821,13.295890410958904,5.8,False,Racing,Wii,20.0,45.30490664554088
1823,13.295890410958904,8.0,False,Strategy,X360,10.0,142.34459093541028
1826,13.295890410958904,8.4,True,Role-Playing,X360,110.0,242.6624751795366
1829,13.295890410958904,9.3,False,Adventure,Wii,40.0,279.9873723993252
1830,13.295890410958904,6.7,False,Misc,Wii,10.0,72.36748712963787
1841,13.295890410958904,8.25,False,Action,Wii,40.0,162.12145147871678
1842,13.295890410958904,7.8,False,Sports,PSP,190.0,128.27480318600544
1852,13.295890410958904,7.0,True,Platform,PSP,40.0,117.11306337065234
1855,13.295890410958904,7.3,False,Role-Playing,DS,50.0,98.88771179861465
1856,13.295890410958904,7.95,False,Adventure,DS,640.0,138.68869631348483
1857,13.295890410958904,8.95,True,Role-Playing,DS,210.0,323.0736627135015
1860,13.295890410958904,6.3,False,Shooter,PS3,70.0,58.768454417796775
1861,13.295890410958904,9.25,False,Role-Playing,PS2,360.0,272.7963416602211
1866,13.295890410958904,6.0,True,Shooter,Wii,10.0,69.59968636389408
1867,13.295890410958904,6.9,False,Shooter,DS,10.0,80.30509575255154
1868,13.295890410958904,8.45,True,Shooter,DS,10.0,249.05916403402475
1869,13.295890410958904,7.3,False,Sports,PSP,260.0,98.88771179861465
1871,13.295890410958904,7.7,True,Role-Playing,DS,420.0,168.5791975107855
1872,13.295890410958904,6.5,False,Sports,PS3,10.0,65.2144567462508
1873,13.295890410958904,8.55,False,Strategy,PS3,10.0,189.51339026330106
1875,13.295890410958904,5.6,True,Racing,PSP,10.0,56.52076861867852
1876,13.295890410958904,7.5,True,Role-Playing,PSP,220.0,151.91629860921768
1878,13.295890410958904,8.6,True,Platform,PSP,70.0,269.2788443784861
1879,13.295890410958904,5.3,False,Platform,PS3,10.0,34.925787763096395
1880,13.295890410958904,8.0,False,Role-Playing,PS3,110.0,142.34459093541028
1882,13.295890410958904,9.0,False,Racing,X360,10.0,239.51848017717975
1883,13.295890410958904,6.0,True,Shooter,PS3,20.0,69.59968636389408
1884,13.295890410958904,7.533333333333334,False,Adventure,X360,20.0,111.65423697888782
1889,13.295890410958904,7.3,False,Fighting,PS3,180.0,98.88771179861465
1894,13.295890410958904,8.7,False,Role-Playing,PS2,160.0,204.89889188489795
1897,13.295890410958904,7.3,False,Role-Playing,DS,10.0,98.88771179861465
1898,13.295890410958904,7.1,False,Sports,PS3,320.0,89.11333887100436
1913,13.295890410958904,8.7,True,Sports,X360,10.0,283.6625748258575
1917,13.295890410958904,8.1,False,Fighting,PS2,40.0,149.94803349838602
1918,13.295890410958904,9.0,True,Racing,PS3,20.0,331.5900255995607
1923,13.295890410958904,6.0,False,Misc,Wii,30.0,50.27416330918241
1926,13.295890410958904,7.4,False,Adventure,DS,110.0,104.16987272867802
1927,13.295890410958904,5.95,True,Racing,PS3,50.0,67.8121290187687
1930,13.295890410958904,6.4,False,Role-Playing,Wii,10.0,61.90761527206022
1931,13.295890410958904,7.7,False,Sports,PS3,400.0,121.77034910583703
1932,13.295890410958904,6.05,False,Fighting,Wii,10.0,51.59941221662325
1936,13.295890410958904,7.0,False,Sports,DS,440.0,84.59465237747354
1937,13.295890410958904,8.2,False,Action,PS3,340.0,157.95761962065387
1938,13.295890410958904,8.0,False,Shooter,X360,20.0,142.34459093541028
1939,13.295890410958904,8.566666666666666,False,Platform,DS,40.0,191.1641874721948
1943,13.295890410958904,6.7,True,Shooter,X360,20.0,100.1857430463888
1948,13.295890410958904,7.7,True,Role-Playing,X360,30.0,168.5791975107855
1953,13.295890410958904,7.4,True,Role-Playing,Wii,110.0,144.2130508646084
1954,13.295890410958904,7.9,False,Action,PS3,20.0,135.12669753543238
1955,13.295890410958904,7.1,True,Sports,Wii,140.0,123.36874505733427
1956,13.295890410958904,6.15,True,Racing,X360,10.0,75.25008439606779
1958,13.295890410958904,8.6,False,Role-Playing,X360,90.0,194.50904602085757
1966,13.295890410958904,5.0,False,Role-Playing,PSP,120.0,29.877674597683924
1967,13.295890410958904,7.0,True,Misc,X360,10.0,117.11306337065234
1971,13.295890410958904,8.866666666666667,False,Shooter,X360,50.0,223.46316871916824
1975,13.295890410958904,7.6,True,Misc,DS,10.0,160.03102108138526
1990,13.295890410958904,8.4,False,Role-Playing,DS,160.0,175.28315921428072
1993,13.295890410958904,7.9,False,Action,X360,20.0,135.12669753543238
2001,13.295890410958904,8.6,True,Sports,PS3,40.0,269.2788443784861
2002,13.295890410958904,7.8,True,Fighting,PS3,90.0,177.58398116404993
2008,13.295890410958904,8.5,False,Role-Playing,PS3,70.0,184.64603998540505
2010,13.295890410958904,6.2,False,Action,X360,60.0,55.78847157137029
2019,13.295890410958904,8.0,False,Racing,X360,10.0,142.34459093541028
2021,13.295890410958904,8.2,False,Shooter,X360,20.0,157.95761962065387
2024,13.295890410958904,8.633333333333333,True,Shooter,PS3,100.0,273.9904990900903
2027,13.295890410958904,8.3,False,Racing,PS3,50.0,166.39504376355652
2030,13.295890410958904,8.3,True,Action-Adventure,PS3,90.0,230.35774433932195
2031,13.295890410958904,8.2,False,Sports,PS2,640.0,157.95761962065387
2037,13.295890410958904,7.95,True,Platform,X360,10.0,192.00100270734617
2041,13.295890410958904,9.5,False,Action,X360,140.0,310.6977130455688
2042,13.295890410958904,7.15,True,Shooter,PS3,20.0,126.62079907152263
2043,13.295890410958904,9.333333333333334,False,Action,PS3,440.0,284.8863975173208
2059,13.295890410958904,7.9,True,Role-Playing,PS3,70.0,187.06976205682813
2060,13.295890410958904,6.449999999999998,False,Simulation,PS3,100.0,63.53952705539524
2061,13.295890410958904,7.8,False,Adventure,PS3,50.0,128.27480318600544
2062,13.295890410958904,6.3,True,Shooter,PS3,20.0,81.35920572988208
2064,13.295890410958904,8.1,False,Strategy,DS,20.0,149.94803349838602
2068,13.295890410958904,8.3,False,Adventure,PS3,30.0,166.39504376355652
2069,13.295890410958904,7.5,False,Adventure,X360,10.0,109.73418422713445
2071,13.295890410958904,6.0,False,Role-Playing,PS2,20.0,50.27416330918241
2075,13.295890410958904,8.1,False,Action,X360,30.0,149.94803349838602
2079,13.295890410958904,7.3,False,Fighting,X360,30.0,98.88771179861465
2081,13.295890410958904,8.05,False,Shooter,X360,10.0,146.0968565366722
2084,13.295890410958904,8.95,False,Racing,PS3,30.0,233.36682862669073
2088,13.295890410958904,8.066666666666666,True,Platform,PS3,20.0,204.0186816834645
2089,13.295890410958904,7.1,False,Shooter,X360,10.0,89.11333887100436
2090,13.295890410958904,6.6,True,Shooter,PS3,20.0,95.10560611421315
2091,13.295890410958904,8.3,True,Sports,PS3,760.0,230.35774433932195
2093,13.295890410958904,8.5,True,Simulation,X360,10.0,255.62447240115455
2095,13.295890410958904,7.2,False,Shooter,PS3,10.0,93.87339437608594
2097,13.295890410958904,6.7,False,Misc,PSP,10.0,72.36748712963787
2100,13.295890410958904,8.9,True,Racing,X360,10.0,314.7760290750308
2102,13.295890410958904,7.95,False,Shooter,PS3,10.0,138.68869631348483
2107,13.295890410958904,6.4,False,Action,PSP,180.0,61.90761527206022
2113,13.295890410958904,8.1,True,Sports,PSP,20.0,207.58845926858393
2115,13.295890410958904,6.75,False,Shooter,Wii,30.0,74.27512570460492
2116,13.295890410958904,8.6,True,Shooter,X360,40.0,269.2788443784861
2117,13.295890410958904,6.1,True,Sports,PSP,30.0,73.31740555639307
2119,13.295890410958904,6.6,True,Shooter,X360,10.0,95.10560611421315
2120,13.295890410958904,9.533333333333333,False,Action,PS3,830.0,316.13408643366273
2121,13.295890410958904,9.266666666666667,True,Platform,PS3,170.0,380.94967484546845
2125,13.295890410958904,8.15,False,Action,DS,20.0,153.90072916722366
2128,13.295890410958904,9.4,False,Shooter,PS3,10.0,294.94310686318545
2129,13.295890410958904,8.6,True,Shooter,PS3,50.0,269.2788443784861
2131,13.295890410958904,8.2,False,Shooter,PS3,40.0,157.95761962065387
2136,13.295890410958904,6.5,False,Simulation,X360,70.0,65.2144567462508
2137,13.295890410958904,8.0,False,Role-Playing,DS,50.0,142.34459093541028
2141,13.295890410958904,8.5,False,Action,X360,80.0,184.64603998540505
2142,13.295890410958904,5.0,False,Role-Playing,X360,10.0,29.877674597683924
2144,12.293150684931506,8.45,False,Shooter,X360,30.0,169.43153734188016
2145,12.293150684931506,7.6,False,Sports,DS,270.0,108.86691131953599
2148,12.293150684931506,7.3,True,Adventure,PS3,10.0,128.93146430869896
2152,12.293150684931506,9.133333333333333,False,Fighting,PS3,590.0,241.78327625018636
2154,12.293150684931506,5.0,False,Role-Playing,DS,30.0,28.13850044823998
2155,12.293150684931506,8.299999999999999,False,Action,Wii,20.0,156.70921772100337
2158,12.293150684931506,9.0,False,Role-Playing,X360,130.0,225.57615184515674
2162,12.293150684931506,9.05,False,Action,X360,80.0,231.52243775227407
2163,12.293150684931506,9.05,False,Action,PS3,70.0,231.52243775227407
2166,12.293150684931506,8.3,True,Sports,Wii,60.0,216.9486608188052
2167,12.293150684931506,9.5,True,Racing,X360,100.0,405.0929116643831
2170,12.293150684931506,8.6,False,Shooter,PS3,20.0,183.1867088835925
2171,12.293150684931506,8.6,False,Action,PS3,1080.0,183.1867088835925
2172,12.293150684931506,9.0,False,Action,PS3,210.0,225.57615184515674
2174,12.293150684931506,4.0,False,Adventure,Wii,10.0,16.722564926421047
2180,12.293150684931506,7.6,True,Role-Playing,X360,210.0,150.71564367261465
2186,12.293150684931506,5.6,True,Fighting,PS3,110.0,53.230704682580615
2187,12.293150684931506,4.5,False,Adventure,DS,50.0,21.69211609497379
2189,12.293150684931506,7.199999999999998,True,Adventure,X360,10.0,122.39371279199025
2190,12.293150684931506,9.25,True,Shooter,PS3,380.0,355.6764652410656
2193,12.293150684931506,9.166666666666666,True,Shooter,X360,80.0,340.5822088311616
2195,12.293150684931506,8.5,False,Action,X360,120.0,173.8978266835337
2198,12.293150684931506,9.0,True,Shooter,X360,50.0,312.2882289068249
2201,12.293150684931506,9.433333333333332,True,Action,PS3,210.0,391.2804116402054
2202,12.293150684931506,9.05,False,Action,X360,20.0,231.52243775227407
2205,12.293150684931506,9.0,True,Sports,PS3,50.0,312.2882289068249
2207,12.293150684931506,6.8,False,Sports,Wii,220.0,71.79553809278525
2208,12.293150684931506,8.55,True,Shooter,X360,60.0,247.09075039084553
2212,12.293150684931506,7.0,False,Sports,X360,30.0,79.67041263735985
2219,12.293150684931506,7.7,False,Action,PSP,50.0,114.68211863993413
2227,12.293150684931506,6.25,False,Puzzle,DS,10.0,53.926039139537295
2229,12.293150684931506,7.0,False,Shooter,X360,10.0,79.67041263735985
2231,12.293150684931506,7.2,False,Sports,PS2,120.0,88.40904070673783
2237,12.293150684931506,8.6,True,Role-Playing,PS3,80.0,253.60417051442622
2242,12.293150684931506,7.4,False,Shooter,X360,20.0,98.10616287708773
2248,12.293150684931506,9.2,False,Adventure,PSP,30.0,250.3184122030748
2250,12.293150684931506,8.149999999999999,True,Sports,X360,10.0,200.6583629937388
2253,12.293150684931506,7.2,False,Shooter,Wii,200.0,88.40904070673783
2261,12.293150684931506,9.466666666666667,False,Adventure,DS,50.0,287.5801754415668
2262,12.293150684931506,7.9,True,Sports,PSP,10.0,176.18046432222178
2263,12.293150684931506,8.1,False,Fighting,PS3,10.0,141.21958501195115
2265,12.293150684931506,8.2,False,Fighting,X360,10.0,148.762934543883
2274,12.293150684931506,7.699999999999998,False,Role-Playing,Wii,10.0,114.68211863993403
2275,12.293150684931506,5.85,False,Action,PSP,50.0,43.792455684236515
2283,12.293150684931506,8.05,False,Shooter,Wii,20.0,137.59258437945093
2284,12.293150684931506,7.15,True,Platform,DS,200.0,119.2502247717343
2287,12.293150684931506,8.4,True,Role-Playing,X360,30.0,228.5371354549702
2288,12.293150684931506,8.65,False,Action,PS3,80.0,188.015590556126
2289,12.293150684931506,9.0,False,Adventure,X360,30.0,225.57615184515674
2290,12.293150684931506,8.8,True,Platform,PSP,10.0,281.42067666277575
2291,12.293150684931506,8.95,True,Sports,X360,10.0,304.2676019968134
2292,12.293150684931506,8.399999999999999,True,Racing,PS3,40.0,228.53713545497
2293,12.293150684931506,8.149999999999999,True,Sports,PS3,10.0,200.6583629937388
2294,12.293150684931506,8.333333333333334,True,Strategy,X360,40.0,220.74467822330084
2298,12.293150684931506,8.2,False,Sports,PS3,10.0,148.762934543883
2300,12.293150684931506,3.2,False,Role-Playing,PSP,30.0,11.028195184669391
2301,12.293150684931506,6.4,False,Fighting,X360,10.0,58.30398394583798
2302,12.293150684931506,9.233333333333333,False,Fighting,X360,150.0,254.69831040480742
2305,12.293150684931506,8.666666666666666,True,Action,PS3,120.0,262.5565931431954
2307,12.293150684931506,9.166666666666666,True,Shooter,PS3,80.0,340.5822088311616
2308,12.293150684931506,8.2,False,Action,DS,110.0,148.762934543883
2311,12.293150684931506,7.8,True,Racing,PSN,310.0,167.24684905605793
2314,12.293150684931506,8.4,False,Shooter,X360,10.0,165.07995754469778
2315,12.293150684931506,7.9,True,Sports,Wii,20.0,176.18046432222178
2317,12.293150684931506,8.4,False,Fighting,PS3,10.0,165.07995754469778
2319,12.293150684931506,9.1,False,Role-Playing,PS3,350.0,237.62547035357832
2322,12.293150684931506,8.666666666666666,True,Platform,PS3,30.0,262.5565931431954
2324,12.293150684931506,8.399999999999999,True,Racing,X360,10.0,228.53713545497
2325,12.293150684931506,7.3,False,Shooter,PS3,50.0,93.1314755997256
2327,12.293150684931506,7.8,True,Shooter,PSP,50.0,167.24684905605793
2329,12.293150684931506,8.2,True,Platform,PSP,60.0,205.9478051012271
2330,12.293150684931506,6.6,False,Action,PSP,60.0,64.6990409538236
2335,12.293150684931506,7.800000000000002,False,Platform,PSP,50.0,120.80794959950174
2340,12.293150684931506,7.85,False,Shooter,PS3,10.0,123.99249992672046
2344,12.293150684931506,7.0,False,Sports,PS3,460.0,79.67041263735985
2346,12.293150684931506,8.5,False,Puzzle,DS,20.0,173.8978266835337
2350,12.293150684931506,6.4,False,Action,PSP,380.0,58.30398394583798
2351,12.293150684931506,6.6,True,Role-Playing,X360,70.0,89.56952561771219
2352,12.293150684931506,7.6,False,Action,Wii,80.0,108.86691131953599
2356,12.293150684931506,8.633333333333335,False,Role-Playing,Wii,110.0,186.39198303725584
2361,12.293150684931506,7.0,False,Strategy,PSP,120.0,79.67041263735985
2366,12.293150684931506,7.1,False,Role-Playing,PSP,130.0,83.92606718999137
2368,12.293150684931506,6.0,False,Action,X360,20.0,47.34771316238849
2370,12.293150684931506,7.4,False,Role-Playing,PSP,130.0,98.10616287708773
2373,12.293150684931506,7.2,False,Action,Wii,50.0,88.40904070673783
2375,12.293150684931506,8.4,False,Sports,Wii,50.0,165.07995754469778
2376,12.293150684931506,5.3,False,Action,PSP,220.0,32.892763839900866
2380,12.293150684931506,7.0,False,Adventure,PS3,80.0,79.67041263735985
2382,12.293150684931506,6.5,False,Role-Playing,DS,50.0,61.41833476318651
2385,12.293150684931506,8.399999999999999,True,Strategy,DS,270.0,228.53713545497
2399,12.293150684931506,7.3,True,Puzzle,PS3,60.0,128.93146430869896
2403,12.293150684931506,6.800000000000002,False,Shooter,PS3,10.0,71.79553809278525
2405,12.293150684931506,7.1,False,Role-Playing,PS3,80.0,83.92606718999137
2414,12.293150684931506,5.9,False,Action,PS3,20.0,44.946843947105656
2415,12.293150684931506,7.45,False,Action,Wii,30.0,100.6922841888735
2420,12.293150684931506,7.5,True,Role-Playing,DS,160.0,143.07327775909985
2422,12.293150684931506,6.9,False,Action,X360,20.0,75.63055034424573
2423,12.293150684931506,8.0,True,Role-Playing,PS3,460.0,185.59127531538587
2425,12.293150684931506,7.0,False,Role-Playing,X360,40.0,79.67041263735985
2427,12.293150684931506,6.550000000000002,True,Role-Playing,Wii,50.0,87.26907468492773
2428,12.293150684931506,7.9,False,Role-Playing,DS,150.0,127.26099639175729
2429,12.293150684931506,8.45,False,Role-Playing,PSP,120.0,169.43153734188016
2433,12.293150684931506,7.449999999999998,False,Role-Playing,DS,120.0,100.69228418887342
2435,12.293150684931506,6.15,True,Action,PS3,320.0,70.86979030399473
2437,12.293150684931506,6.3,False,Action,X360,40.0,55.34755308921312
2443,12.293150684931506,6.15,True,Fighting,X360,20.0,70.86979030399473
2447,12.293150684931506,8.1,False,Sports,Wii,60.0,141.21958501195115
2448,12.293150684931506,8.0,True,Fighting,PSP,70.0,185.59127531538587
2449,12.293150684931506,6.5,False,Action,PS3,220.0,61.41833476318651
2452,12.293150684931506,5.0,False,Shooter,PS3,10.0,28.13850044823998
2453,12.293150684931506,8.600000000000001,False,Role-Playing,DS,120.0,183.18670888359264
2454,12.293150684931506,6.800000000000002,False,Shooter,X360,10.0,71.79553809278525
2455,12.293150684931506,7.9,True,Sports,PS3,10.0,176.18046432222178
2461,12.293150684931506,5.8,False,Action,Wii,60.0,42.66771604948948
2462,12.293150684931506,8.2,False,Shooter,PS3,10.0,148.762934543883
2464,12.293150684931506,8.5,False,Fighting,PS3,60.0,173.8978266835337
2466,12.293150684931506,6.35,False,Shooter,PS3,10.0,56.806538767600486
2467,12.293150684931506,7.0,False,Action,PSP,200.0,79.67041263735985
2469,12.293150684931506,8.45,True,Shooter,Wii,10.0,234.5614741835679
2474,12.293150684931506,8.766666666666667,False,Strategy,Wii,20.0,199.78381560676706
2475,12.293150684931506,5.7,False,Role-Playing,DS,220.0,40.504156310113885
2477,12.293150684931506,4.6,False,Role-Playing,PS3,50.0,22.85081666598723
2484,12.293150684931506,7.95,False,Action,PS3,50.0,130.6156518514773
2489,12.293150684931506,5.9,True,Sports,PSP,10.0,62.2245311677633
2490,12.293150684931506,7.666666666666668,False,Adventure,Wii,10.0,112.70999717433203
2492,12.293150684931506,7.800000000000002,True,Role-Playing,DS,270.0,167.24684905605807
2495,12.293150684931506,9.0,False,Simulation,DS,170.0,225.57615184515674
2498,12.293150684931506,7.0,False,Misc,Wii,10.0,79.67041263735985
2502,12.293150684931506,7.2,False,Shooter,PS3,10.0,88.40904070673783
2510,12.293150684931506,6.75,True,Adventure,Wii,80.0,96.84115998466832
2511,12.293150684931506,4.25,False,Shooter,X360,10.0,19.04593971925938
2512,12.293150684931506,7.05,True,Action,Wii,30.0,113.20338165202374
2518,12.293150684931506,7.9,False,Action,DS,90.0,127.26099639175729
2519,12.293150684931506,5.7,False,Role-Playing,Wii,10.0,40.504156310113885
2520,12.293150684931506,6.7,True,Action,X360,20.0,94.35394867834184
2522,12.293150684931506,6.0,False,Fighting,PS3,30.0,47.34771316238849
2523,12.293150684931506,7.699999999999998,False,Role-Playing,DS,20.0,114.68211863993403
2525,12.293150684931506,8.25,False,Role-Playing,Wii,40.0,152.6843904865614
2526,12.293150684931506,7.4,True,Platform,Wii,30.0,135.81843470209026
2531,12.293150684931506,6.4,False,Action,PS3,150.0,58.30398394583798
2534,12.293150684931506,6.0,True,Action,X360,80.0,65.5483009410515
2539,12.293150684931506,5.4,False,Role-Playing,PSP,80.0,34.64975536975602
2541,12.293150684931506,8.5,False,Role-Playing,PSP,70.0,173.8978266835337
2545,12.293150684931506,5.800000000000002,True,Action,PS2,250.0,59.069300400783845
2546,12.293150684931506,8.0,True,Role-Playing,PSP,160.0,185.59127531538587
2554,12.293150684931506,8.5,True,Platform,PSP,10.0,240.74461711282504
2559,12.293150684931506,6.85,True,Role-Playing,DS,210.0,102.01400282215613
2568,12.293150684931506,8.5,True,Strategy,Wii,190.0,240.74461711282504
2572,12.293150684931506,8.5,False,Fighting,X360,40.0,173.8978266835337
2573,12.293150684931506,7.25,False,Role-Playing,PS2,110.0,90.7395416418592
2581,12.293150684931506,7.85,False,Role-Playing,PS2,50.0,123.99249992672046
2585,11.293150684931506,8.1,True,Racing,PS3,60.0,184.15464675668767
2586,11.293150684931506,8.0,False,Role-Playing,PSP,60.0,126.27589199224228
2587,11.293150684931506,8.6,True,Puzzle,DS,160.0,238.88105649172707
2589,11.293150684931506,7.6,True,Action,PS3,40.0,141.9657733440028
2590,11.293150684931506,8.850000000000003,True,Shooter,PS3,80.0,272.07035655314155
2592,11.293150684931506,7.75,False,Role-Playing,DS,140.0,110.87175710982015
2594,11.293150684931506,3.8,True,Action,Wii,70.0,19.651288428824188
2598,11.293150684931506,8.05,True,Action,PS3,60.0,179.4249272903131
2600,11.293150684931506,8.0,False,Action,X360,10.0,126.27589199224228
2603,11.293150684931506,7.9,True,Action,X360,20.0,165.95222138944004
2607,11.293150684931506,8.166666666666666,False,Action,PS3,20.0,137.71675726424797
2614,11.293150684931506,7.25,True,Shooter,X360,40.0,118.3271303092003
2616,11.293150684931506,7.6,True,Fighting,PS3,10.0,141.9657733440028
2618,11.293150684931506,6.0,True,Fighting,PSP,90.0,61.74286230496092
2620,11.293150684931506,8.9,True,Racing,PS3,30.0,279.24225000767103
2622,11.293150684931506,7.0,True,Shooter,PS3,70.0,103.89264842373615
2623,11.293150684931506,6.800000000000002,False,Role-Playing,Wii,60.0,67.62741305163586
2627,11.293150684931506,6.4,True,Shooter,X360,10.0,76.03017362743796
2628,11.293150684931506,7.9,False,Adventure,DS,30.0,119.87279707028136
2633,11.293150684931506,8.0,False,Strategy,PS3,20.0,126.27589199224228
2634,11.293150684931506,9.1,False,Action,PS3,110.0,223.8300075754367
2638,11.293150684931506,8.1,False,Action,PS3,100.0,133.02101300837703
2640,11.293150684931506,8.0,False,Shooter,X360,50.0,126.27589199224228
2645,11.293150684931506,7.5,True,Shooter,X360,20.0,134.76708871743065
2650,11.293150684931506,10.0,False,Action,X360,20.0,357.53335326729865
2651,11.293150684931506,6.0,True,Shooter,PS3,20.0,61.74286230496092
2655,11.293150684931506,8.8,False,Shooter,PS3,20.0,191.4780040724595
2658,11.293150684931506,7.0,True,Simulation,PSP,150.0,103.89264842373615
2659,11.293150684931506,7.7,True,Action,Wii,130.0,149.54898108260502
2660,11.293150684931506,6.4,True,Role-Playing,X360,40.0,76.03017362743796
2661,11.293150684931506,7.6,False,Strategy,DS,90.0,102.54658959373288
2663,11.293150684931506,9.0,False,Adventure,PS3,130.0,212.48021813996155
2664,11.293150684931506,8.8,False,Sports,X360,10.0,191.4780040724595
2665,11.293150684931506,7.5,False,Platform,DS,110.0,97.34674078068802
2666,11.293150684931506,8.6,False,Fighting,X360,20.0,172.55171499975688
2667,11.293150684931506,5.4,False,Action,X360,60.0,32.63814689292095
2668,11.293150684931506,8.7,False,Action,Wii,40.0,181.76869363956294
2669,11.293150684931506,8.4,True,Shooter,Wii,60.0,215.26930039965845
2671,11.293150684931506,7.3,False,Role-Playing,DS,190.0,87.72468228250385
2672,11.293150684931506,7.8,False,Adventure,PSP,10.0,113.79438506231759
2676,11.293150684931506,6.9,True,Action,DS,80.0,98.62454475758287
2677,11.293150684931506,8.55,True,Role-Playing,X360,10.0,232.74577615568495
2680,11.293150684931506,8.4,False,Fighting,PS3,20.0,155.49615995626394
2682,11.293150684931506,7.8,False,Role-Playing,DS,30.0,113.79438506231759
2686,11.293150684931506,5.1,True,Action,Wii,320.0,38.65347165839526
2687,11.293150684931506,8.3,False,Shooter,X360,30.0,147.61138752272973
2688,11.293150684931506,8.0,False,Role-Playing,DS,100.0,126.27589199224228
2697,11.293150684931506,8.0,False,Racing,PS3,80.0,126.27589199224228
2699,11.293150684931506,8.75,True,Action,X360,50.0,258.2744348536251
2701,11.293150684931506,8.7,False,Action,X360,40.0,181.76869363956294
2704,11.293150684931506,8.1,False,Action,PS3,150.0,133.02101300837703
2705,11.293150684931506,8.7,False,Fighting,PS3,90.0,181.76869363956294
2708,11.293150684931506,8.333333333333334,True,Shooter,PS3,90.0,207.92923807973736
2709,11.293150684931506,8.2,False,Role-Playing,PSP,40.0,140.12642969777548
2710,11.293150684931506,8.6,False,Action,PSP,960.0,172.55171499975688
2712,11.293150684931506,6.8,True,Sports,Wii,10.0,93.62357179469315
2715,11.293150684931506,8.85,False,Shooter,X360,20.0,196.52544790828017
2717,11.293150684931506,6.0,False,Action,Wii,200.0,44.598918542056175
2718,11.293150684931506,7.5,True,Shooter,PSP,60.0,134.76708871743065
2723,11.293150684931506,6.0,False,Sports,PS3,540.0,44.598918542056175
2725,11.293150684931506,10.0,False,Action,PS3,60.0,357.53335326729865
2726,11.293150684931506,6.8,False,Action,PS3,70.0,67.6274130516358
2727,11.293150684931506,8.1,True,Simulation,PS3,20.0,184.15464675668767
2728,11.293150684931506,8.8,False,Role-Playing,PS2,150.0,191.4780040724595
2730,11.293150684931506,6.6,True,Role-Playing,DS,80.0,84.36952304695946
2738,11.293150684931506,6.8,True,Sports,PSP,30.0,93.62357179469315
2741,11.293150684931506,8.2,False,Action,X360,90.0,140.12642969777548
2744,11.293150684931506,7.0,True,Adventure,PS3,10.0,103.89264842373615
2747,11.293150684931506,7.7,False,Role-Playing,X360,60.0,108.02419221200729
2753,11.293150684931506,8.2,True,Sports,PS3,70.0,193.99140465607942
2760,11.293150684931506,8.066666666666666,False,Action,PS3,210.0,130.73352827892586
2761,11.293150684931506,7.0,True,Sports,PSP,10.0,103.89264842373615
2765,11.293150684931506,7.3,False,Simulation,Wii,10.0,87.72468228250385
2771,11.293150684931506,7.0,False,Action,PS3,40.0,75.04510790709477
2773,11.293150684931506,9.533333333333333,False,Action,X360,90.0,280.4470018230434
2774,11.293150684931506,9.166666666666666,False,Action,X360,90.0,231.73137931057516
2779,11.293150684931506,5.6,False,Misc,Wii,10.0,36.21805337425393
2780,11.293150684931506,7.0,False,Role-Playing,DS,110.0,75.04510790709477
2781,11.293150684931506,8.7,True,Platform,PS3,10.0,251.64106641189306
2783,11.293150684931506,9.3,True,Shooter,X360,80.0,343.8589653867377
2785,11.293150684931506,7.7,False,Strategy,X360,30.0,108.02419221200729
2786,11.293150684931506,6.3,True,Shooter,PS3,50.0,72.1748976045248
2788,11.293150684931506,7.1,True,Action,X360,20.0,109.44215177903926
2790,11.293150684931506,8.733333333333333,True,Role-Playing,PS3,1870.0,256.04410750087766
2792,11.293150684931506,5.7,False,Role-Playing,DS,30.0,38.15266772639949
2797,11.293150684931506,6.6,True,Role-Playing,PS3,200.0,84.36952304695946
2798,11.293150684931506,7.2,True,Role-Playing,DS,230.0,115.28808599790958
2799,11.293150684931506,7.3,False,Action,X360,20.0,87.72468228250385
2802,11.293150684931506,6.2,True,Action,PS3,20.0,68.51511177325169
2803,11.293150684931506,6.8,True,Action,PSP,10.0,93.62357179469315
2806,11.293150684931506,7.05,False,Shooter,PS3,200.0,77.02332973549248
2807,11.293150684931506,6.8,True,Role-Playing,PS3,360.0,93.62357179469315
2808,11.293150684931506,7.0,False,Shooter,X360,80.0,75.04510790709477
2811,11.293150684931506,7.949999999999998,False,Role-Playing,X360,40.0,123.03269636830197
2812,11.293150684931506,6.7,False,Role-Playing,PSP,60.0,64.19821735747358
2813,11.293150684931506,8.05,True,Sports,PSP,130.0,179.4249272903131
2814,11.293150684931506,6.5,False,Role-Playing,DS,130.0,57.85266333133101
2816,11.293150684931506,7.85,False,Role-Playing,PS3,30.0,116.79405476441279
2817,11.293150684931506,6.2,False,Misc,X360,20.0,49.49073908790274
2820,11.293150684931506,7.9,False,Action,X360,10.0,119.87279707028136
2827,11.293150684931506,8.5,False,Shooter,PS3,110.0,163.80210339409516
2828,11.293150684931506,8.3,False,Racing,X360,10.0,147.61138752272973
2833,11.293150684931506,7.6,True,Simulation,Wii,120.0,141.9657733440028
2836,11.293150684931506,8.2,False,Role-Playing,PSP,180.0,140.12642969777548
2838,11.293150684931506,8.7,True,Sports,PS3,60.0,251.64106641189306
2839,11.293150684931506,8.1,False,Shooter,Wii,10.0,133.02101300837703
2841,11.293150684931506,7.8,True,Role-Playing,X360,50.0,157.5372515222531
2843,11.293150684931506,4.8,False,Action,PS3,550.0,23.88507765270969
2850,11.293150684931506,8.0,False,Adventure,PS2,10.0,126.27589199224228
2854,11.293150684931506,8.4,True,Sports,X360,20.0,215.26930039965845
2856,11.293150684931506,8.3,True,Misc,DS,200.0,204.35360032028137
2858,11.293150684931506,7.3,True,Adventure,DS,90.0,121.44628515616398
2859,11.293150684931506,7.6,True,Fighting,X360,10.0,141.9657733440028
2866,11.293150684931506,7.1,True,Shooter,PS3,10.0,109.44215177903926
2874,11.293150684931506,8.05,False,Adventure,DS,300.0,129.60457966964165
2875,11.293150684931506,7.6,False,Role-Playing,PSP,80.0,102.54658959373288
2878,11.293150684931506,8.3,True,Racing,PS3,20.0,204.35360032028137
2879,11.293150684931506,8.6,True,Role-Playing,PS3,220.0,238.88105649172707
2881,11.293150684931506,7.7,True,Racing,PSP,20.0,149.54898108260502
2883,11.293150684931506,6.2,False,Role-Playing,PS3,30.0,49.49073908790274
2884,11.293150684931506,5.8,True,Shooter,PS3,70.0,55.64000330650617
2888,11.293150684931506,6.9,True,Simulation,PS3,40.0,98.62454475758287
2890,11.293150684931506,9.15,True,Shooter,X360,40.0,318.0391933963153
2892,11.293150684931506,6.8,False,Adventure,PSP,10.0,67.6274130516358
2895,11.293150684931506,7.899999999999999,False,Role-Playing,PS3,240.0,119.87279707028127
2896,11.293150684931506,8.7,True,Sports,X360,20.0,251.64106641189306
2898,11.293150684931506,7.550000000000002,False,Shooter,X360,30.0,99.91284339425407
2900,11.293150684931506,8.2,False,Role-Playing,PS3,100.0,140.12642969777548
2905,11.293150684931506,7.0,False,Platform,Wii,120.0,75.04510790709477
2911,11.293150684931506,8.1,False,Simulation,Wii,20.0,133.02101300837703
2912,11.293150684931506,8.833333333333334,True,Adventure,PS3,60.0,269.7208946002534
2918,11.293150684931506,4.3,False,Action,Wii,50.0,18.41313037747362
2919,11.293150684931506,9.3,True,Role-Playing,X360,30.0,343.8589653867377
2922,11.293150684931506,8.1,False,Role-Playing,PSP,180.0,133.02101300837703
2924,11.293150684931506,4.1,False,Misc,PSP,70.0,16.593118570135424
2925,11.293150684931506,6.0,True,Fighting,PS3,110.0,61.74286230496092
2927,11.293150684931506,8.3,False,Fighting,Wii,30.0,147.61138752272973
2929,11.293150684931506,7.3,False,Puzzle,Wii,20.0,87.72468228250385
2931,11.293150684931506,7.6,True,Sports,PS3,100.0,141.9657733440028
2932,11.293150684931506,8.7,True,Shooter,PS3,480.0,251.64106641189306
2934,11.293150684931506,4.3,True,Action,PS3,10.0,25.49118702121858
2937,11.293150684931506,8.8,True,Shooter,X360,110.0,265.0826617853134
2941,11.293150684931506,7.4,False,Role-Playing,Wii,110.0,92.41056165949391
2943,11.293150684931506,7.75,False,Role-Playing,PSP,30.0,110.87175710982015
2944,11.293150684931506,7.0,False,Role-Playing,X360,10.0,75.04510790709477
2945,11.293150684931506,7.2,False,Role-Playing,DS,70.0,83.27641065447018
2946,11.293150684931506,7.9,True,Action,PS3,10.0,165.95222138944004
2952,11.293150684931506,9.1,False,Action,X360,30.0,223.8300075754367
2954,11.293150684931506,8.0,True,Role-Playing,DS,130.0,174.81668315255257
2957,11.293150684931506,6.0,True,Fighting,X360,10.0,61.74286230496092
2958,11.293150684931506,8.9,False,Role-Playing,PSP,340.0,201.70594456862347
2962,11.293150684931506,8.15,False,Fighting,PSP,30.0,136.52750502241378
2963,11.293150684931506,7.8,True,Shooter,PS3,10.0,157.5372515222531
2965,11.293150684931506,6.1,False,Action,PS3,400.0,46.981203062155906
2966,11.293150684931506,6.3,False,Role-Playing,Wii,60.0,52.13432385344423
2970,10.293150684931506,9.3,False,Action,PS3,170.0,233.9608772015384
2972,10.293150684931506,7.0,False,Role-Playing,PSP,110.0,70.68832750273204
2978,10.293150684931506,7.800000000000002,True,Action,PS3,190.0,148.39134941709523
2980,10.293150684931506,9.2,True,Sports,PS3,110.0,307.47220769743245
2981,10.293150684931506,8.5,True,Shooter,PS3,350.0,213.60293960635312
2986,10.293150684931506,6.6,False,Shooter,PS3,80.0,57.404836308227175
2987,10.293150684931506,9.6,False,Shooter,PS3,20.0,273.4907603097803
2990,10.293150684931506,8.8,True,Shooter,PS3,490.0,249.69315834383235
2991,10.293150684931506,5.7,True,Action,3DS,40.0,49.75224256172244
2992,10.293150684931506,7.2,False,Role-Playing,PSP,30.0,78.44175794753792
2995,10.293150684931506,8.7,True,Shooter,X360,130.0,237.03192135698117
2999,10.293150684931506,6.5,False,Action,X360,20.0,54.49399869653334
3003,10.293150684931506,7.0,False,Shooter,X360,40.0,70.68832750273204
3004,10.293150684931506,4.0,True,Fighting,PS3,40.0,20.540734143515675
3005,10.293150684931506,6.3,False,Simulation,3DS,50.0,49.10764021084651
3019,10.293150684931506,8.1,True,Action,PS3,80.0,173.4634587667239
3023,10.293150684931506,9.3,False,Role-Playing,X360,100.0,233.9608772015384
3025,10.293150684931506,8.5,True,Shooter,X360,60.0,213.60293960635312
3026,10.293150684931506,7.6,True,Action,X360,10.0,133.723881012246
3028,10.293150684931506,6.7,False,Shooter,X360,30.0,60.47115848343852
3039,10.293150684931506,4.7,True,Role-Playing,PSP,170.0,29.567499803476267
3043,10.293150684931506,7.0,False,Role-Playing,PS3,130.0,70.68832750273204
3045,10.293150684931506,9.1,False,Sports,X360,10.0,210.83544712893467
3049,10.293150684931506,6.5,False,Sports,X360,10.0,54.49399869653334
3056,10.293150684931506,7.4,True,Platform,PSP,170.0,120.50619138663393
3060,10.293150684931506,6.5,False,Simulation,PS3,70.0,54.49399869653334
3066,10.293150684931506,8.3,False,Action,PS3,180.0,139.04173630154716
3074,10.293150684931506,8.0,False,Action,PS3,80.0,118.94488338797314
3081,10.293150684931506,7.9,True,Action,PS3,40.0,156.31778409733758
3086,10.293150684931506,9.1,False,Adventure,PS3,120.0,210.83544712893467
3091,10.293150684931506,6.1,False,Role-Playing,PS3,20.0,44.25368636475857
3092,10.293150684931506,9.1,True,Platform,PS3,60.0,291.88115780904604
3093,10.293150684931506,8.2,True,Shooter,PS3,90.0,182.729138880318
3097,10.293150684931506,8.3,False,Action,X360,70.0,139.04173630154716
3099,10.293150684931506,7.0,False,Shooter,X360,10.0,70.68832750273204
3101,10.293150684931506,9.1,False,Adventure,X360,20.0,210.83544712893467
3105,10.293150684931506,7.0,True,Simulation,3DS,80.0,97.86110996062618
3106,10.293150684931506,9.3,True,Adventure,3DS,560.0,323.896065151908
3107,10.293150684931506,9.2,True,Sports,X360,20.0,307.47220769743245
3108,10.293150684931506,7.65,True,Action-Adventure,X360,20.0,137.24890093391744
3110,10.293150684931506,7.9,False,Puzzle,X360,30.0,112.91352327006912
3113,10.293150684931506,9.6,False,Shooter,X360,10.0,273.4907603097803
3117,10.293150684931506,8.1,False,Role-Playing,PSP,30.0,125.2984131080499
3119,10.293150684931506,9.0,True,Role-Playing,PS3,540.0,277.08068616004755
3120,10.293150684931506,9.6,False,Action,PS3,110.0,273.4907603097803
3124,10.293150684931506,7.1,False,Action,PS3,100.0,74.46419727416384
3125,10.293150684931506,8.6,True,Music,X360,10.0,225.0127000468932
3127,10.293150684931506,6.8,False,Shooter,PS3,70.0,63.70127054617267
3128,10.293150684931506,6.0,False,Fighting,3DS,40.0,42.00970653638686
3130,10.293150684931506,7.6,False,Role-Playing,DS,70.0,96.59319723364328
3134,10.293150684931506,7.4,False,Action,PS3,40.0,87.04562135328942
3135,10.293150684931506,6.3,True,Racing,PS3,30.0,67.98474866157756
3136,10.293150684931506,9.0,False,Role-Playing,PS3,250.0,200.14457526430687
3138,10.293150684931506,9.0,False,Sports,PS3,50.0,200.14457526430687
3139,10.293150684931506,5.6,True,Puzzle,3DS,60.0,47.22944643114584
3142,10.293150684931506,8.8,False,Action,PS3,100.0,180.36165499555318
3143,10.293150684931506,8.0,True,Shooter,X360,40.0,164.66761520187922
3149,10.293150684931506,4.0,False,Action,PS3,10.0,14.837253970117297
3151,10.293150684931506,6.6,True,Sports,X360,20.0,79.4714091660189
3156,10.293150684931506,7.9,False,Action,X360,40.0,112.91352327006912
3158,10.293150684931506,6.7,False,Action,PS3,150.0,60.47115848343852
3159,10.293150684931506,7.8,False,Fighting,PS3,40.0,107.18799644095971
3162,10.293150684931506,8.0,False,Action,3DS,70.0,118.94488338797314
3164,10.293150684931506,8.5,False,Role-Playing,DS,90.0,154.29249225269638
3165,10.293150684931506,9.5,False,Action,X360,40.0,259.62281393526274
3168,10.293150684931506,7.5,False,Sports,PS3,550.0,91.69522818393173
3171,10.293150684931506,6.3,False,Platform,PSP,30.0,49.10764021084651
3172,10.293150684931506,9.1,True,Racing,X360,60.0,291.88115780904604
3173,10.293150684931506,8.35,False,Racing,X360,10.0,142.70693721178574
3176,10.293150684931506,7.4,True,Racing,3DS,120.0,120.50619138663393
3177,10.293150684931506,6.9,True,Adventure,X360,40.0,92.89884862665089
3178,10.293150684931506,5.7,False,Action,3DS,50.0,35.937695961280276
3179,10.293150684931506,5.6,True,Action,3DS,50.0,47.22944643114584
3186,10.293150684931506,4.0,False,Racing,3DS,20.0,14.837253970117297
3188,10.293150684931506,6.3,False,Shooter,3DS,130.0,49.10764021084651
3192,10.293150684931506,7.0,True,Action,X360,30.0,97.86110996062618
3193,10.293150684931506,6.7,False,Fighting,PS3,70.0,60.47115848343852
3194,10.293150684931506,8.0,True,Role-Playing,X360,10.0,164.66761520187922
3195,10.293150684931506,8.4,False,Fighting,X360,30.0,146.46875441918633
3198,10.293150684931506,9.0,True,Role-Playing,PSP,270.0,277.08068616004755
3199,10.293150684931506,6.5,False,Role-Playing,X360,30.0,54.49399869653334
3201,10.293150684931506,8.5,True,Shooter,X360,10.0,213.60293960635312
3202,10.293150684931506,6.5,False,Action,PS3,360.0,54.49399869653334
3203,10.293150684931506,6.2,False,Strategy,PS3,30.0,46.61753005044572
3204,10.293150684931506,6.0,True,Fighting,X360,10.0,58.15835026811321
3205,10.293150684931506,8.4,True,Shooter,PS3,10.0,202.7717359907541
3207,10.293150684931506,6.8,False,Shooter,X360,10.0,63.70127054617267
3208,10.293150684931506,6.8,True,Role-Playing,DS,380.0,88.18820959244887
3209,10.293150684931506,7.0,True,Role-Playing,PSP,270.0,97.86110996062618
3210,10.293150684931506,9.0,False,Racing,PS3,10.0,200.14457526430687
3212,10.293150684931506,6.3,False,Platform,3DS,10.0,49.10764021084651
3218,10.293150684931506,7.8,False,Fighting,3DS,70.0,107.18799644095971
3220,10.293150684931506,7.8,False,Shooter,PS3,10.0,107.18799644095971
3221,10.293150684931506,5.3,False,Role-Playing,PS3,70.0,29.184415968427007
3226,10.293150684931506,6.5,False,Racing,DS,40.0,54.49399869653334
3228,10.293150684931506,7.6,False,Role-Playing,3DS,60.0,96.59319723364328
3231,10.293150684931506,7.8,True,Puzzle,3DS,60.0,148.3913494170951
3233,10.293150684931506,7.8,False,Role-Playing,PS3,210.0,107.18799644095971
3234,10.293150684931506,8.3,False,Adventure,DS,130.0,139.04173630154716
3235,10.293150684931506,8.2,False,Platform,3DS,10.0,131.99132136004926
3236,10.293150684931506,8.0,False,Misc,X360,10.0,118.94488338797314
3238,10.293150684931506,7.8,False,Shooter,X360,10.0,107.18799644095971
3239,10.293150684931506,8.0,False,Misc,PS3,90.0,118.94488338797314
3241,10.293150684931506,6.5,False,Role-Playing,PS3,60.0,54.49399869653334
3243,10.293150684931506,7.5,True,Platform,PS3,50.0,126.94311953873344
3250,10.293150684931506,9.0,False,Fighting,PS3,20.0,200.14457526430687
3252,10.293150684931506,7.0,False,Shooter,PS3,30.0,70.68832750273204
3253,10.293150684931506,6.4,False,Sports,PS3,30.0,51.73076146394619
3255,10.293150684931506,8.4,False,Racing,PS3,110.0,146.46875441918633
3262,10.293150684931506,5.5,False,Role-Playing,PS3,30.0,32.38550088976335
3264,10.293150684931506,7.1,False,Action,PSP,620.0,74.46419727416384
3269,10.293150684931506,6.5,False,Role-Playing,PS3,10.0,54.49399869653334
3275,10.293150684931506,4.5,False,Shooter,PS3,40.0,19.246535269352236
3278,10.293150684931506,7.7,True,Role-Playing,PS3,50.0,140.8668419206531
3281,10.293150684931506,7.1,False,Shooter,PS3,10.0,74.46419727416384
3283,10.293150684931506,7.5,True,Action,PS3,220.0,126.94311953873344
3285,10.293150684931506,7.9,False,Puzzle,PS3,200.0,112.91352327006912
3286,10.293150684931506,9.1,False,Racing,X360,10.0,210.83544712893467
3296,10.293150684931506,5.6,True,Simulation,3DS,30.0,47.22944643114584
3299,10.293150684931506,6.9,False,Racing,PS3,10.0,67.10392145551552
3300,10.293150684931506,5.4,False,Role-Playing,PS3,270.0,30.743323329020846
3307,10.293150684931506,8.2,False,Racing,PS3,10.0,131.99132136004926
3309,10.293150684931506,8.0,True,Shooter,3DS,130.0,164.66761520187922
3310,10.293150684931506,6.3,False,Simulation,DS,220.0,49.10764021084651
3312,10.293150684931506,6.9,True,Simulation,3DS,130.0,92.89884862665089
3317,10.293150684931506,8.0,True,Role-Playing,PSP,270.0,164.66761520187922
3318,10.293150684931506,8.5,False,Platform,PS3,10.0,154.29249225269638
3320,10.293150684931506,6.8,True,Role-Playing,DS,270.0,88.18820959244887
3321,10.293150684931506,7.9,False,Role-Playing,PS3,140.0,112.91352327006912
3324,10.293150684931506,5.0,True,Fighting,PS3,90.0,34.5632060301526
3330,10.293150684931506,8.3,True,Fighting,PSP,460.0,192.4897522125729
3333,10.293150684931506,7.0,True,Action,PSP,50.0,97.86110996062618
3334,10.293150684931506,6.6,False,Shooter,PS3,40.0,57.404836308227175
3335,10.293150684931506,7.0,True,Shooter,PS3,40.0,97.86110996062618
3337,10.293150684931506,6.7,True,Adventure,PS3,40.0,83.71643379970352
3338,10.293150684931506,5.8,False,Action,PS3,460.0,37.85733481296849
3342,10.293150684931506,7.9,False,Shooter,PS3,60.0,112.91352327006912
3345,10.293150684931506,8.2,False,Adventure,DS,120.0,131.99132136004926
3346,10.293150684931506,7.5,False,Sports,3DS,110.0,91.69522818393173
3347,10.293150684931506,4.3,False,Strategy,3DS,50.0,17.344147097299423
3349,10.293150684931506,6.7,False,Shooter,X360,20.0,60.47115848343852
3351,10.293150684931506,9.0,True,Adventure,PS3,130.0,277.08068616004755
3354,10.293150684931506,7.2,True,Role-Playing,X360,10.0,108.59497983895777
3355,10.293150684931506,7.5,False,Fighting,PSP,70.0,91.69522818393173
3356,10.293150684931506,6.7,False,Platform,Wii,10.0,60.47115848343852
3359,10.293150684931506,8.0,False,Action,X360,30.0,118.94488338797314
3362,10.293150684931506,7.3,False,Platform,PS3,20.0,82.63178299291236
3364,10.293150684931506,8.8,True,Shooter,PS3,70.0,249.69315834383235
3365,10.293150684931506,7.3,True,Role-Playing,PS3,30.0,114.39566173636607
3366,10.293150684931506,8.8,True,Shooter,X360,20.0,249.69315834383235
3367,10.293150684931506,9.3,True,Role-Playing,PS3,30.0,323.896065151908
3371,10.293150684931506,8.8,True,Shooter,PS3,60.0,249.69315834383235
3372,10.293150684931506,5.4,False,Action,3DS,200.0,30.743323329020846
3373,10.293150684931506,7.1,False,Shooter,X360,10.0,74.46419727416384
3377,10.293150684931506,8.7,True,Shooter,X360,20.0,237.03192135698117
3382,10.293150684931506,7.9,False,Shooter,X360,30.0,112.91352327006912
3384,10.293150684931506,7.0,True,Misc,Wii,330.0,97.86110996062618
3389,10.293150684931506,8.3,True,Shooter,PS3,50.0,192.4897522125729
3393,10.293150684931506,8.2,False,Fighting,PS3,110.0,131.99132136004926
3397,9.293150684931506,7.8,False,Action,3DS,300.0,100.9651449387004
3399,9.293150684931506,6.9,False,Racing,WiiU,20.0,63.20817051042764
3403,9.293150684931506,7.2,False,Action-Adventure,3DS,30.0,73.88778336557475
3406,9.293150684931506,8.1,True,Action-Adventure,PS3,50.0,163.39295291891503
3407,9.293150684931506,8.6,False,Sports,X360,10.0,153.09814192353227
3410,9.293150684931506,7.5,False,Misc,3DS,120.0,86.37181691214184
3411,9.293150684931506,8.0,True,Misc,3DS,210.0,155.10775634961598
3412,9.293150684931506,6.9,False,Action,WiiU,50.0,63.20817051042764
3414,9.293150684931506,6.5,True,Fighting,3DS,50.0,71.06183663880775
3421,9.293150684931506,8.3,False,Action-Adventure,PS3,10.0,130.96960036888788
3426,9.293150684931506,8.9,False,Sports,PS3,50.0,178.96550798368338
3427,9.293150684931506,6.6,False,Platform,3DS,40.0,54.072170490050816
3429,9.293150684931506,7.9,False,Action-Adventure,3DS,100.0,106.3582735104231
3430,9.293150684931506,7.3,True,Role-Playing,3DS,150.0,107.75436570393032
3432,9.293150684931506,7.8,True,Misc,3DS,180.0,139.77641712706875
3434,9.293150684931506,7.6,False,Fighting,X360,30.0,90.98543197566974
3436,9.293150684931506,7.9,True,Action-Adventure,X360,10.0,147.2426787693286
3437,9.293150684931506,8.7,True,Strategy,Wii,340.0,223.27091735582746
3439,9.293150684931506,8.8,False,Action-Adventure,PS3,160.0,169.89067099542532
3440,9.293150684931506,7.4,False,Role-Playing,PSP,40.0,81.99214527771261
3444,9.293150684931506,8.0,True,Platform,Wii,330.0,155.10775634961598
3446,9.293150684931506,5.9,False,Platform,WiiU,10.0,37.564288018305994
3447,9.293150684931506,7.0,True,Sports,3DS,120.0,92.17973540982312
3448,9.293150684931506,6.5,True,Action-Adventure,Wii,270.0,71.06183663880775
3453,9.293150684931506,8.2,False,Simulation,3DS,310.0,124.3285007114425
3455,9.293150684931506,5.5,False,Role-Playing,PS3,10.0,30.505344813011924
3458,9.293150684931506,8.3,False,Action,PS3,60.0,130.96960036888788
3466,9.293150684931506,7.4,False,Shooter,PS3,60.0,81.99214527771261
3470,9.293150684931506,7.9,True,Action,PSV,130.0,147.2426787693286
3472,9.293150684931506,8.0,True,Role-Playing,PS3,450.0,155.10775634961598
3474,9.293150684931506,7.0,False,Shooter,X360,20.0,66.58448211333847
3475,9.293150684931506,8.1,True,Fighting,WiiU,10.0,163.39295291891503
3478,9.293150684931506,7.9,False,Racing,PS3,50.0,106.3582735104231
3480,9.293150684931506,6.5,False,Sports,3DS,270.0,51.33032297805284
3486,9.293150684931506,9.3,True,Role-Playing,Wii,160.0,305.0921208434927
3490,9.293150684931506,5.7,True,Action-Adventure,3DS,60.0,46.86385181232999
3492,8.29041095890411,6.2,True,Party,WiiU,120.0,57.25206645808735
3494,8.29041095890411,8.2,True,Shooter,PS3,30.0,162.10159341816205
3495,8.29041095890411,7.5,False,Shooter,WiiU,30.0,81.34412873905534
3496,8.29041095890411,8.5,False,Action-Adventure,X360,10.0,136.87504357475785
3497,8.29041095890411,8.3,False,Action-Adventure,PS4,60.0,123.34588311539618
3499,8.29041095890411,9.5,False,Shooter,PS3,40.0,230.31505584983722
3503,8.29041095890411,8.8,True,Shooter,WiiU,10.0,221.50631848409787
3506,8.29041095890411,8.3,False,Action-Adventure,PS3,60.0,123.34588311539618
3507,8.29041095890411,8.3,False,Role-Playing,3DS,270.0,123.34588311539618
3511,8.29041095890411,8.7,True,Shooter,X360,20.0,210.2743567795237
3513,8.29041095890411,8.1,False,Role-Playing,3DS,140.0,111.15398749230216
3514,8.29041095890411,9.1,False,Music,PS3,50.0,187.03509543169085
3515,8.29041095890411,8.4,False,Action-Adventure,X360,10.0,129.934495520577
3516,8.29041095890411,7.5,True,Shooter,PS4,50.0,112.61302973784976
3519,8.29041095890411,8.2,False,Role-Playing,3DS,210.0,117.09136069341628
3520,8.29041095890411,8.0,True,Action-Adventure,3DS,40.0,146.07896130937502
3521,8.29041095890411,7.4,False,Shooter,X360,20.0,77.21939701518536
3524,8.29041095890411,7.5,True,Misc,3DS,270.0,112.61302973784976
3525,8.29041095890411,8.5,True,Action,X360,10.0,189.4901769972869
3526,8.29041095890411,5.5,False,Simulation,3DS,40.0,28.729634091442684
3530,8.29041095890411,9.0,False,Action,PS3,440.0,177.5510723858611
3532,8.29041095890411,7.6,True,Shooter,X360,10.0,118.62833876945845
3533,8.29041095890411,8.3,False,Sports,PS3,510.0,123.34588311539618
3536,8.29041095890411,8.7,True,Shooter,PS3,270.0,210.2743567795237
3540,8.29041095890411,9.5,False,Platform,WiiU,30.0,230.31505584983722
3542,8.29041095890411,6.5,True,Role-Playing,3DS,150.0,66.92533970728941
3544,8.29041095890411,5.6,False,Misc,X360,10.0,30.26424893865324
3549,8.29041095890411,5.9,True,Sports,WiiU,140.0,48.976951451532756
3550,8.29041095890411,8.9,True,Action,PS3,80.0,233.33824380603912
3553,8.29041095890411,6.6,False,Action,PS3,70.0,50.92463901757431
3559,8.29041095890411,9.4,False,Action,PS3,990.0,218.63642787662255
3560,8.29041095890411,7.2,False,Action-Adventure,3DS,30.0,69.58678857533484
3561,8.29041095890411,8.7,False,Role-Playing,WiiU,220.0,151.8881464091069
3564,8.29041095890411,7.6,False,Action,PS3,220.0,85.68918608642835
3565,8.29041095890411,8.0,True,Action,WiiU,80.0,146.07896130937502
3566,8.29041095890411,5.0,False,Action,PS3,300.0,22.147824089775614
3568,8.29041095890411,6.9,True,Shooter,X360,40.0,82.41187739058937
3570,8.29041095890411,7.5,True,Shooter,PS3,390.0,112.61302973784976
3576,8.29041095890411,8.7,False,Action-Adventure,PS3,130.0,151.8881464091069
3577,8.29041095890411,8.3,True,Shooter,PS4,190.0,170.76037101429233
3582,8.29041095890411,8.0,False,Fighting,PSV,30.0,105.51768176807579
3583,8.29041095890411,6.0,False,Platform,WiiU,10.0,37.26740250791598
3591,8.29041095890411,9.5,True,Action-Adventure,PS3,290.0,318.84878030587964
3592,8.29041095890411,5.2,False,Platform,3DS,70.0,24.57710229808001
3599,7.2904109589041095,8.1,True,Sports,3DS,180.0,144.9481904405108
3600,7.2904109589041095,8.1,False,Misc,3DS,380.0,104.70088844189155
3603,7.2904109589041095,8.5,False,Action-Adventure,PS3,280.0,128.92869604693433
3611,7.2904109589041095,9.1,True,Shooter,PS3,200.0,243.8994699454155
3619,7.2904109589041095,9.7,False,Action,PS4,600.0,240.73944813314895
3623,7.2904109589041095,8.4,False,Shooter,PS4,110.0,122.39108490098508
3626,7.2904109589041095,6.0,False,Action-Adventure,PS4,10.0,35.1038252475702
3629,7.2904109589041095,7.4,True,Misc,WiiU,130.0,100.69644928422956
3633,7.2904109589041095,9.3,True,Action,WiiU,100.0,270.65151858702063
3634,7.2904109589041095,7.9,True,Simulation,3DS,530.0,130.62105471475874
3639,7.2904109589041095,8.5,True,Shooter,PS4,140.0,178.48923219242315
3641,7.2904109589041095,7.8,True,Misc,3DS,170.0,123.99762882601786
3643,7.2904109589041095,7.9,True,Sports,PS3,10.0,130.62105471475874
3648,7.2904109589041095,8.0,True,Puzzle,3DS,250.0,137.59827584070678
3651,7.2904109589041095,7.2,True,Misc,WiiU,210.0,90.74329504607034
3652,7.2904109589041095,9.4,True,Misc,PS4,350.0,285.10857145172963
3653,7.2904109589041095,8.1,True,Sports,PS4,50.0,144.9481904405108
3654,7.2904109589041095,8.1,True,Adventure,3DS,300.0,144.9481904405108
3655,7.2904109589041095,6.4,False,Role-Playing,PS3,110.0,43.226857792525074
3656,7.2904109589041095,7.7,False,Action,PS4,110.0,85.02588156581368
3657,7.2904109589041095,8.3,False,Action-Adventure,X360,10.0,116.18497760798786
3658,7.2904109589041095,6.9,True,Sports,PS3,40.0,77.62741558467711
3659,7.2904109589041095,7.0,False,Fighting,PS3,100.0,59.0680321356117
3660,7.2904109589041095,9.0,False,Action,XOne,10.0,167.24325813230647
3663,7.2904109589041095,7.6,False,Action-Adventure,PS4,170.0,80.71445852298324
3665,7.2904109589041095,6.7,True,Sports,WiiU,40.0,69.9544773041713
3666,7.2904109589041095,8.3,True,Shooter,XOne,10.0,160.84679424659961
3670,7.2904109589041095,8.5,False,Shooter,XOne,20.0,128.92869604693433
3671,6.2904109589041095,7.6,False,Fighting,PS3,210.0,76.02854119873835
3673,6.2904109589041095,8.1,True,Role-Playing,WiiU,150.0,136.53315242709553
3676,6.2904109589041095,8.4,False,Role-Playing,XOne,20.0,115.28561067040042
3677,6.2904109589041095,7.0,True,Action,3DS,210.0,77.02651577418034
3678,6.2904109589041095,8.7,False,Sports,PS4,50.0,134.7641951601377
3681,6.2904109589041095,5.0,True,Fighting,3DS,170.0,27.204712224896547
3684,6.2904109589041095,8.0,True,Strategy,3DS,20.0,129.60994071033363
3685,6.2904109589041095,7.1,True,Shooter,PS4,230.0,81.14094460260611
3687,6.2904109589041095,8.5,True,Sports,PS4,70.0,168.1269526129413
3690,6.2904109589041095,7.0,False,Action-Adventure,WiiU,10.0,55.63880867108833
3691,6.2904109589041095,7.1,False,Fighting,PS4,90.0,58.61079716199612
3692,6.2904109589041095,6.9,True,Shooter,XOne,20.0,73.1207180464533
3694,6.2904109589041095,7.5,False,Misc,3DS,110.0,72.17334795168811
3696,6.2904109589041095,8.2,True,Platform,WiiU,130.0,143.8261726648122
3697,6.2904109589041095,5.8,True,Misc,WiiU,90.0,41.25176956587125
3698,6.2904109589041095,8.1,False,Action,PS4,110.0,98.62242720964544
3699,6.2904109589041095,8.6,False,Role-Playing,PS4,270.0,127.93068228544709
3701,6.2904109589041095,7.5,False,Fighting,XOne,10.0,72.17334795168811
3702,6.2904109589041095,6.2,True,Shooter,PS4,70.0,50.797437719051985
3710,6.2904109589041095,7.0,True,Action,3DS,90.0,77.02651577418034
3711,6.2904109589041095,7.6,False,Role-Playing,3DS,140.0,76.02854119873835
3712,6.2904109589041095,9.0,True,Sports,PS3,50.0,218.09031035734878
3713,6.2904109589041095,7.5,False,Role-Playing,3DS,60.0,72.17334795168811
3721,6.2904109589041095,6.1,True,Sports,WiiU,150.0,48.22164268505234
3723,6.2904109589041095,8.6,False,Action,PS4,80.0,127.93068228544709
3724,6.2904109589041095,7.5,True,Action-Adventure,PS4,90.0,99.91697624835878
3727,6.2904109589041095,6.0,False,Role-Playing,3DS,110.0,33.065855522133525
3728,6.2904109589041095,7.0,True,Racing,PS4,60.0,77.02651577418034
3729,6.2904109589041095,4.8,True,Party,WiiU,100.0,24.51571277453025
3730,6.2904109589041095,7.7,False,Misc,3DS,280.0,80.0896624703837
3731,6.2904109589041095,7.8,True,Puzzle,3DS,350.0,116.79888590295565
3734,6.2904109589041095,8.4,False,Role-Playing,3DS,100.0,115.28561067040042
3737,6.2904109589041095,5.5,True,Platform,3DS,70.0,35.28930989410768
3739,6.2904109589041095,8.6,True,Role-Playing,3DS,130.0,177.10757926745688
3741,5.2904109589041095,7.2,False,Action-Adventure,PS4,70.0,58.1571015617698
3742,5.2904109589041095,6.6,True,Role-Playing,3DS,90.0,58.92048999228467
3743,5.2904109589041095,8.1,False,Adventure,3DS,290.0,92.89685401399352
3749,5.2904109589041095,7.7,False,Platform,3DS,40.0,75.44001798622939
3750,5.2904109589041095,8.0,True,Role-Playing,WiiU,80.0,122.08537227881827
3753,5.2904109589041095,6.9,False,Action-Adventure,PS4,40.0,49.751174341241665
3755,5.2904109589041095,8.9,True,Shooter,PS4,60.0,195.0122461619509
3760,5.2904109589041095,8.1,False,Role-Playing,3DS,160.0,92.89685401399352
3761,5.2904109589041095,6.9,True,Action-Adventure,WiiU,80.0,68.87565903564999
3762,5.2904109589041095,6.2,True,Party,3DS,200.0,47.848367654149335
3763,5.2904109589041095,6.7,True,Shooter,WiiU,90.0,62.06777194023031
3765,5.2904109589041095,8.6,True,Puzzle,3DS,120.0,166.8255122235688
3766,5.2904109589041095,8.1,True,Role-Playing,PS4,1050.0,128.60665355688744
3768,5.2904109589041095,7.9,True,Action-Adventure,PS4,130.0,115.89476681208171
3770,5.2904109589041095,7.5,True,Simulation,3DS,230.0,94.11624737578597
3773,5.2904109589041095,7.0,False,Simulation,3DS,110.0,52.4086704502148
3774,5.2904109589041095,6.8,False,Action-Adventure,PS4,40.0,47.22843237711782
3775,5.2904109589041095,8.9,True,Sports,PS4,120.0,195.0122461619509
3783,5.2904109589041095,7.5,False,Role-Playing,3DS,130.0,67.98328897459335
3784,5.2904109589041095,7.7,False,Adventure,3DS,30.0,75.44001798622939
3786,5.2904109589041095,6.3,True,Action,3DS,30.0,50.40422392378133
3787,5.2904109589041095,7.4,True,Role-Playing,3DS,200.0,89.34387747890229
3789,5.2904109589041095,5.5,False,Misc,WiiU,380.0,24.010768162977786
3790,5.2904109589041095,7.9,True,Action-Adventure,PS4,50.0,115.89476681208171
3791,5.2904109589041095,8.3,False,Role-Playing,PS4,80.0,103.08622079609702
3794,5.2904109589041095,7.3,True,Role-Playing,3DS,290.0,84.81350102170322
3795,5.2904109589041095,9.0,False,Sports,PS4,30.0,148.3881633360171
3798,5.2904109589041095,6.9,False,Platform,3DS,20.0,49.751174341241665
3800,5.2904109589041095,6.3,True,Role-Playing,3DS,240.0,50.40422392378133
3801,5.2904109589041095,8.8,True,Music,3DS,730.0,185.123724264228
3802,5.2904109589041095,8.8,True,Shooter,PS4,170.0,185.123724264228
3803,4.287671232876712,8.1,False,Role-Playing,3DS,390.0,87.48934458625747
3804,4.287671232876712,8.1,True,Role-Playing,3DS,50.0,121.12048301903806
3806,4.287671232876712,8.0,False,Platform,NS,30.0,83.05300627014906
3807,4.287671232876712,8.8,False,Platform,NS,10.0,125.9371335409184
3808,4.287671232876712,9.0,False,Shooter,PS4,10.0,139.75051461560858
3809,4.287671232876712,8.5,True,Simulation,3DS,140.0,149.14778826242892
3812,4.287671232876712,5.3,False,Board Game,NS,10.0,20.377955010559866
3814,4.287671232876712,7.9,False,Simulation,3DS,220.0,78.84162217844411
3817,4.287671232876712,7.0,False,Role-Playing,PS4,50.0,49.35797102058764
3819,4.287671232876712,6.7,True,Platform,PS4,10.0,58.45481792270456
3823,4.287671232876712,7.3,True,Action,PS4,180.0,79.87652214074915
3825,4.287671232876712,8.85,False,Role-Playing,NS,60.0,129.2568913975518
3828,4.287671232876712,7.0,False,Adventure,3DS,120.0,49.35797102058764
3832,4.287671232876712,6.0,True,Sports,3DS,130.0,40.60894165345434
3834,4.287671232876712,8.3,True,Sports,PS4,150.0,134.40555105934664
3835,4.287671232876712,7.2,False,Action,PS4,40.0,54.771786974715
3836,4.287671232876712,8.8,True,Role-Playing,3DS,880.0,174.34770504504513
3837,4.287671232876712,8.3,False,Strategy,NS,220.0,97.08559013167641
3838,4.287671232876712,5.0,True,Misc,3DS,240.0,24.133683479057243
3840,4.287671232876712,8.649999999999999,False,Shooter,NS,10.0,116.48073309634432
3842,4.287671232876712,8.0,False,Platform,PS4,10.0,83.05300627014906
3843,4.287671232876712,7.5,False,Sports,NS,30.0,64.02599375765047
3845,4.287671232876712,8.0,False,Action,NS,40.0,83.05300627014906
3848,4.287671232876712,8.1,False,Sports,PS4,40.0,87.48934458625747
3851,4.287671232876712,5.4,False,Platform,NS,10.0,21.466458686431924
3852,4.287671232876712,7.5,True,Platform,3DS,170.0,88.63775727631462
3854,4.287671232876712,8.3,False,Puzzle,NS,120.0,97.08559013167641
3855,4.287671232876712,7.0,False,Shooter,PS4,220.0,49.35797102058764
3859,4.287671232876712,8.0,True,Action,NS,190.0,114.97880436978092
3862,4.287671232876712,9.1,True,Action-Adventure,3DS,70.0,203.8053839657991
3864,4.287671232876712,8.1,True,Sports,PS4,170.0,121.12048301903806
3867,4.287671232876712,7.0,False,Fighting,NS,90.0,49.35797102058764
3869,4.287671232876712,9.0,False,Role-Playing,NS,50.0,139.75051461560858
3871,4.287671232876712,7.0,False,Role-Playing,PS4,130.0,49.35797102058764
3874,4.287671232876712,8.9,True,Racing,XOne,10.0,183.66061783354832
3877,4.287671232876712,8.0,True,Shooter,PS4,400.0,114.97880436978092
3879,4.287671232876712,5.8,True,Racing,PS4,40.0,36.59502594343393
3881,4.287671232876712,8.45,True,Action,NS,100.0,145.3171643279507
3882,4.287671232876712,8.35,True,Puzzle,NS,100.0,137.94854010125172
3885,4.287671232876712,7.9,False,Role-Playing,3DS,140.0,78.84162217844411
3886,4.287671232876712,6.8,True,Platform,3DS,170.0,61.577225649501585
3888,4.287671232876712,6.1,False,Racing,NS,10.0,30.900040308090578
3889,4.287671232876712,8.3,True,Role-Playing,3DS,210.0,134.40555105934664
3890,4.287671232876712,7.449999999999998,True,Sports,NS,130.0,86.36123733272889
3891,4.287671232876712,6.3,False,Puzzle,NS,190.0,34.289303029877544
3894,3.287671232876712,8.6,False,Strategy,NS,20.0,106.90044480222654
3899,3.287671232876712,7.0,True,Action,NS,80.0,64.36429987493531
3900,3.287671232876712,7.0,False,Role-Playing,PS4,130.0,46.492469898145146
3902,3.287671232876712,8.0,False,Platform,NS,30.0,78.23132341389731
3903,3.287671232876712,5.85,False,Action,NS,270.0,25.555527582525283
3904,3.287671232876712,7.0,True,Fighting,PS4,40.0,64.36429987493531
3906,3.287671232876712,7.6,False,Role-Playing,NS,30.0,63.53038009814544
3907,3.287671232876712,8.5,True,Puzzle,3DS,80.0,140.48894054566307
3908,3.287671232876712,8.5,True,Platform,PS4,20.0,140.48894054566307
3909,3.287671232876712,9.0,True,Fighting,NS,70.0,182.23893414588883
3912,3.287671232876712,8.9,False,Action-Adventure,PS4,210.0,124.96227692474388
3913,3.287671232876712,7.0,True,Racing,PS4,10.0,64.36429987493531
3914,3.287671232876712,9.0,True,Shooter,PS4,160.0,182.23893414588883
3915,3.287671232876712,8.5,False,Shooter,NS,10.0,101.47982425091368
3917,3.287671232876712,10.0,True,Role-Playing,PS4,1430.0,306.6473565935404
3918,3.287671232876712,7.0,True,Racing,NS,60.0,64.36429987493531
3920,3.287671232876712,7.5,True,Role-Playing,NS,20.0,83.49184897185613
3921,3.287671232876712,7.0,False,Action,PS4,190.0,46.492469898145146
3922,3.287671232876712,5.9,True,Sports,NS,60.0,36.31175045385452
3923,3.287671232876712,9.5,True,Action,NS,70.0,236.39603935823692
3925,3.287671232876712,9.5,False,Action-Adventure,PS4,90.0,170.75670465241126
3926,3.287671232876712,7.5,True,Adventure,PS4,20.0,83.49184897185613
3928,3.287671232876712,7.8,False,Action,PS4,60.0,70.49869298125917
3931,3.287671232876712,8.7,True,Role-Playing,PS4,120.0,155.8984327103089
3933,3.287671232876712,7.65,False,Role-Playing,3DS,60.0,65.205068671212
3934,3.287671232876712,7.0,False,Simulation,NS,20.0,46.492469898145146
3935,3.287671232876712,9.2,False,Sandbox,NS,520.0,146.0758248771209
3938,3.287671232876712,6.0,True,Fighting,3DS,200.0,38.251369705437284
3941,3.287671232876712,9.0,False,Role-Playing,PS4,80.0,131.6372302116384
3942,3.287671232876712,9.15,False,Action,PS4,2170.0,142.32409944061382
3943,3.287671232876712,8.0,True,Role-Playing,NS,70.0,108.30365370685597
3944,3.287671232876712,6.5,False,Shooter,PS4,240.0,35.841286440540216
3946,3.287671232876712,7.0,False,Platform,NS,10.0,46.492469898145146
3950,3.287671232876712,7.0,False,Action,NS,80.0,46.492469898145146
3951,3.287671232876712,6.5,False,Action,NS,10.0,35.841286440540216
3953,3.287671232876712,9.2,True,Racing,XOne,10.0,202.227763280106
3955,3.287671232876712,7.0,True,Fighting,PS4,120.0,64.36429987493531
3956,3.287671232876712,9.4,False,Strategy,NS,10.0,162.09811296716856
3957,3.287671232876712,8.5,False,Platform,NS,30.0,101.47982425091368
3958,3.287671232876712,8.15,True,Role-Playing,NS,820.0,117.0962041298979
3959,3.287671232876712,8.8,True,Action,NS,20.0,164.2258638475318
3962,3.287671232876712,8.8,True,Role-Playing,NS,30.0,164.2258638475318
3963,3.287671232876712,7.4,True,Role-Playing,NS,30.0,79.25821240241766
3964,3.287671232876712,2.8,True,Action,PS4,100.0,7.235244363136274
3966,3.287671232876712,7.5,True,Action,NS,70.0,83.49184897185613
3967,3.287671232876712,8.5,True,Action,PS4,20.0,140.48894054566307
3969,3.287671232876712,6.0,True,Role-Playing,PS4,130.0,38.251369705437284
3970,3.287671232876712,7.0,True,Fighting,PS4,160.0,64.36429987493531
3971,3.287671232876712,7.3,True,Adventure,3DS,90.0,75.23925162256575
3973,3.287671232876712,8.5,True,Action,NS,10.0,140.48894054566307
3974,3.287671232876712,8.5,False,Fighting,NS,10.0,101.47982425091368
3978,3.287671232876712,8.2,False,Simulation,NS,10.0,86.8121053636658
3981,3.287671232876712,9.15,True,Action-Adventure,PS4,50.0,197.03386453536757
3982,3.287671232876712,7.5,True,Music,NS,270.0,83.49184897185613
3986,3.287671232876712,8.1,False,Role-Playing,3DS,60.0,82.4101079416006
3988,3.287671232876712,6.0,True,Platform,NS,20.0,38.251369705437284
3989,3.287671232876712,8.0,False,Role-Playing,3DS,100.0,78.23132341389731
3990,3.287671232876712,6.5,False,Racing,PS4,50.0,35.841286440540216
3991,3.287671232876712,8.3,True,Role-Playing,NS,510.0,126.60257112602608
3992,3.287671232876712,7.9,False,Action,PS4,150.0,74.26443328319381
3996,3.287671232876712,9.35,True,Action,PS4,130.0,218.6454716834817
3997,3.287671232876712,7.05,True,Adventure,3DS,120.0,66.06097093762158
3998,3.287671232876712,8.1,True,Misc,3DS,130.0,114.08877420148826
3999,3.287671232876712,4.55,False,Role-Playing,PS4,100.0,12.992339935548905
4001,1.2876712328767124,7.5,False,Racing,PSP,70.0,53.50967184706012
